crop,province_code,province_name_en,share,notes
biomass,AH,Anhui,NA,Enter provincial share (0-1). Shares for each crop should sum to 1.0
biomass,BJ,Beijing,NA,Enter provincial share (0-1). Shares for each crop should sum to 1.0
biomass,CQ,Chongqing,NA,Enter provincial share (0-1). Shares for each crop should sum to 1.0
biomass,FJ,Fujian,NA,Enter provincial share (0-1). Shares for each crop should sum to 1.0
biomass,GD,Guangdong,NA,Enter provincial share (0-1). Shares for each crop should sum to 1.0
biomass,GS,Gansu,NA,Enter provincial share (0-1). Shares for each crop should sum to 1.0
biomass,GX,Guangxi,NA,Enter provincial share (0-1). Shares for each crop should sum to 1.0
biomass,GZ,Guizhou,NA,Enter provincial share (0-1). Shares for each crop should sum to 1.0
biomass,HA,Henan,NA,Enter provincial share (0-1). Shares for each crop should sum to 1.0
biomass,HB,Hubei,NA,Enter provincial share (0-1). Shares for each crop should sum to 1.0
biomass,HE,Hebei,NA,Enter provincial share (0-1). Shares for each crop should sum to 1.0
biomass,HI,Hainan,NA,Enter provincial share (0-1). Shares for each crop should sum to 1.0
biomass,HL,Heilongjiang,NA,Enter provincial share (0-1). Shares for each crop should sum to 1.0
biomass,HN,Hunan,NA,Enter provincial share (0-1). Shares for each crop should sum to 1.0
biomass,JL,Jilin,NA,Enter provincial share (0-1). Shares for each crop should sum to 1.0
biomass,JS,Jiangsu,NA,Enter provincial share (0-1). Shares for each crop should sum to 1.0
biomass,JX,Jiangxi,NA,Enter provincial share (0-1). Shares for each crop should sum to 1.0
biomass,LN,Liaoning,NA,Enter provincial share (0-1). Shares for each crop should sum to 1.0
biomass,NM,Inner Mongolia,NA,Enter provincial share (0-1). Shares for each crop should sum to 1.0
biomass,NX,Ningxia,NA,Enter provincial share (0-1). Shares for each crop should sum to 1.0
biomass,QH,Qinghai,NA,Enter provincial share (0-1). Shares for each crop should sum to 1.0
biomass,SC,Sichuan,NA,Enter provincial share (0-1). Shares for each crop should sum to 1.0
biomass,SD,Shandong,NA,Enter provincial share (0-1). Shares for each crop should sum to 1.0
biomass,SH,Shanghai,NA,Enter provincial share (0-1). Shares for each crop should sum to 1.0
biomass,SN,Shaanxi,NA,Enter provincial share (0-1). Shares for each crop should sum to 1.0
biomass,SX,Shanxi,NA,Enter provincial share (0-1). Shares for each crop should sum to 1.0
biomass,TJ,Tianjin,NA,Enter provincial share (0-1). Shares for each crop should sum to 1.0
biomass,XJ,Xinjiang,NA,Enter provincial share (0-1). Shares for each crop should sum to 1.0
biomass,XZ,Tibet,NA,Enter provincial share (0-1). Shares for each crop should sum to 1.0
biomass,YN,Yunnan,NA,Enter provincial share (0-1). Shares for each crop should sum to 1.0
biomass,ZJ,Zhejiang,NA,Enter provincial share (0-1). Shares for each crop should sum to 1.0
Corn,AH,Anhui,NA,Enter provincial share (0-1). Shares for each crop should sum to 1.0
Corn,BJ,Beijing,NA,Enter provincial share (0-1). Shares for each crop should sum to 1.0
Corn,CQ,Chongqing,NA,Enter provincial share (0-1). Shares for each crop should sum to 1.0
Corn,FJ,Fujian,NA,Enter provincial share (0-1). Shares for each crop should sum to 1.0
Corn,GD,Guangdong,NA,Enter provincial share (0-1). Shares for each crop should sum to 1.0
Corn,GS,Gansu,NA,Enter provincial share (0-1). Shares for each crop should sum to 1.0
Corn,GX,Guangxi,NA,Enter provincial share (0-1). Shares for each crop should sum to 1.0
Corn,GZ,Guizhou,NA,Enter provincial share (0-1). Shares for each crop should sum to 1.0
Corn,HA,Henan,NA,Enter provincial share (0-1). Shares for each crop should sum to 1.0
Corn,HB,Hubei,NA,Enter provincial share (0-1). Shares for each crop should sum to 1.0
Corn,HE,Hebei,NA,Enter provincial share (0-1). Shares for each crop should sum to 1.0
Corn,HI,Hainan,NA,Enter provincial share (0-1). Shares for each crop should sum to 1.0
Corn,HL,Heilongjiang,NA,Enter provincial share (0-1). Shares for each crop should sum to 1.0
Corn,HN,Hunan,NA,Enter provincial share (0-1). Shares for each crop should sum to 1.0
Corn,JL,Jilin,NA,Enter provincial share (0-1). Shares for each crop should sum to 1.0
Corn,JS,Jiangsu,NA,Enter provincial share (0-1). Shares for each crop should sum to 1.0
Corn,JX,Jiangxi,NA,Enter provincial share (0-1). Shares for each crop should sum to 1.0
Corn,LN,Liaoning,NA,Enter provincial share (0-1). Shares for each crop should sum to 1.0
Corn,NM,Inner Mongolia,NA,Enter provincial share (0-1). Shares for each crop should sum to 1.0
Corn,NX,Ningxia,NA,Enter provincial share (0-1). Shares for each crop should sum to 1.0
Corn,QH,Qinghai,NA,Enter provincial share (0-1). Shares for each crop should sum to 1.0
Corn,SC,Sichuan,NA,Enter provincial share (0-1). Shares for each crop should sum to 1.0
Corn,SD,Shandong,NA,Enter provincial share (0-1). Shares for each crop should sum to 1.0
Corn,SH,Shanghai,NA,Enter provincial share (0-1). Shares for each crop should sum to 1.0
Corn,SN,Shaanxi,NA,Enter provincial share (0-1). Shares for each crop should sum to 1.0
Corn,SX,Shanxi,NA,Enter provincial share (0-1). Shares for each crop should sum to 1.0
Corn,TJ,Tianjin,NA,Enter provincial share (0-1). Shares for each crop should sum to 1.0
Corn,XJ,Xinjiang,NA,Enter provincial share (0-1). Shares for each crop should sum to 1.0
Corn,XZ,Tibet,NA,Enter provincial share (0-1). Shares for each crop should sum to 1.0
Corn,YN,Yunnan,NA,Enter provincial share (0-1). Shares for each crop should sum to 1.0
Corn,ZJ,Zhejiang,NA,Enter provincial share (0-1). Shares for each crop should sum to 1.0
FiberCrop,AH,Anhui,NA,Enter provincial share (0-1). Shares for each crop should sum to 1.0
FiberCrop,BJ,Beijing,NA,Enter provincial share (0-1). Shares for each crop should sum to 1.0
FiberCrop,CQ,Chongqing,NA,Enter provincial share (0-1). Shares for each crop should sum to 1.0
FiberCrop,FJ,Fujian,NA,Enter provincial share (0-1). Shares for each crop should sum to 1.0
FiberCrop,GD,Guangdong,NA,Enter provincial share (0-1). Shares for each crop should sum to 1.0
FiberCrop,GS,Gansu,NA,Enter provincial share (0-1). Shares for each crop should sum to 1.0
FiberCrop,GX,Guangxi,NA,Enter provincial share (0-1). Shares for each crop should sum to 1.0
FiberCrop,GZ,Guizhou,NA,Enter provincial share (0-1). Shares for each crop should sum to 1.0
FiberCrop,HA,Henan,NA,Enter provincial share (0-1). Shares for each crop should sum to 1.0
FiberCrop,HB,Hubei,NA,Enter provincial share (0-1). Shares for each crop should sum to 1.0
FiberCrop,HE,Hebei,NA,Enter provincial share (0-1). Shares for each crop should sum to 1.0
FiberCrop,HI,Hainan,NA,Enter provincial share (0-1). Shares for each crop should sum to 1.0
FiberCrop,HL,Heilongjiang,NA,Enter provincial share (0-1). Shares for each crop should sum to 1.0
FiberCrop,HN,Hunan,NA,Enter provincial share (0-1). Shares for each crop should sum to 1.0
FiberCrop,JL,Jilin,NA,Enter provincial share (0-1). Shares for each crop should sum to 1.0
FiberCrop,JS,Jiangsu,NA,Enter provincial share (0-1). Shares for each crop should sum to 1.0
FiberCrop,JX,Jiangxi,NA,Enter provincial share (0-1). Shares for each crop should sum to 1.0
FiberCrop,LN,Liaoning,NA,Enter provincial share (0-1). Shares for each crop should sum to 1.0
FiberCrop,NM,Inner Mongolia,NA,Enter provincial share (0-1). Shares for each crop should sum to 1.0
FiberCrop,NX,Ningxia,NA,Enter provincial share (0-1). Shares for each crop should sum to 1.0
FiberCrop,QH,Qinghai,NA,Enter provincial share (0-1). Shares for each crop should sum to 1.0
FiberCrop,SC,Sichuan,NA,Enter provincial share (0-1). Shares for each crop should sum to 1.0
FiberCrop,SD,Shandong,NA,Enter provincial share (0-1). Shares for each crop should sum to 1.0
FiberCrop,SH,Shanghai,NA,Enter provincial share (0-1). Shares for each crop should sum to 1.0
FiberCrop,SN,Shaanxi,NA,Enter provincial share (0-1). Shares for each crop should sum to 1.0
FiberCrop,SX,Shanxi,NA,Enter provincial share (0-1). Shares for each crop should sum to 1.0
FiberCrop,TJ,Tianjin,NA,Enter provincial share (0-1). Shares for each crop should sum to 1.0
FiberCrop,XJ,Xinjiang,NA,Enter provincial share (0-1). Shares for each crop should sum to 1.0
FiberCrop,XZ,Tibet,NA,Enter provincial share (0-1). Shares for each crop should sum to 1.0
FiberCrop,YN,Yunnan,NA,Enter provincial share (0-1). Shares for each crop should sum to 1.0
FiberCrop,ZJ,Zhejiang,NA,Enter provincial share (0-1). Shares for each crop should sum to 1.0
FodderGrass,AH,Anhui,NA,Enter provincial share (0-1). Shares for each crop should sum to 1.0
FodderGrass,BJ,Beijing,NA,Enter provincial share (0-1). Shares for each crop should sum to 1.0
FodderGrass,CQ,Chongqing,NA,Enter provincial share (0-1). Shares for each crop should sum to 1.0
FodderGrass,FJ,Fujian,NA,Enter provincial share (0-1). Shares for each crop should sum to 1.0
FodderGrass,GD,Guangdong,NA,Enter provincial share (0-1). Shares for each crop should sum to 1.0
FodderGrass,GS,Gansu,NA,Enter provincial share (0-1). Shares for each crop should sum to 1.0
FodderGrass,GX,Guangxi,NA,Enter provincial share (0-1). Shares for each crop should sum to 1.0
FodderGrass,GZ,Guizhou,NA,Enter provincial share (0-1). Shares for each crop should sum to 1.0
FodderGrass,HA,Henan,NA,Enter provincial share (0-1). Shares for each crop should sum to 1.0
FodderGrass,HB,Hubei,NA,Enter provincial share (0-1). Shares for each crop should sum to 1.0
FodderGrass,HE,Hebei,NA,Enter provincial share (0-1). Shares for each crop should sum to 1.0
FodderGrass,HI,Hainan,NA,Enter provincial share (0-1). Shares for each crop should sum to 1.0
FodderGrass,HL,Heilongjiang,NA,Enter provincial share (0-1). Shares for each crop should sum to 1.0
FodderGrass,HN,Hunan,NA,Enter provincial share (0-1). Shares for each crop should sum to 1.0
FodderGrass,JL,Jilin,NA,Enter provincial share (0-1). Shares for each crop should sum to 1.0
FodderGrass,JS,Jiangsu,NA,Enter provincial share (0-1). Shares for each crop should sum to 1.0
FodderGrass,JX,Jiangxi,NA,Enter provincial share (0-1). Shares for each crop should sum to 1.0
FodderGrass,LN,Liaoning,NA,Enter provincial share (0-1). Shares for each crop should sum to 1.0
FodderGrass,NM,Inner Mongolia,NA,Enter provincial share (0-1). Shares for each crop should sum to 1.0
FodderGrass,NX,Ningxia,NA,Enter provincial share (0-1). Shares for each crop should sum to 1.0
FodderGrass,QH,Qinghai,NA,Enter provincial share (0-1). Shares for each crop should sum to 1.0
FodderGrass,SC,Sichuan,NA,Enter provincial share (0-1). Shares for each crop should sum to 1.0
FodderGrass,SD,Shandong,NA,Enter provincial share (0-1). Shares for each crop should sum to 1.0
FodderGrass,SH,Shanghai,NA,Enter provincial share (0-1). Shares for each crop should sum to 1.0
FodderGrass,SN,Shaanxi,NA,Enter provincial share (0-1). Shares for each crop should sum to 1.0
FodderGrass,SX,Shanxi,NA,Enter provincial share (0-1). Shares for each crop should sum to 1.0
FodderGrass,TJ,Tianjin,NA,Enter provincial share (0-1). Shares for each crop should sum to 1.0
FodderGrass,XJ,Xinjiang,NA,Enter provincial share (0-1). Shares for each crop should sum to 1.0
FodderGrass,XZ,Tibet,NA,Enter provincial share (0-1). Shares for each crop should sum to 1.0
FodderGrass,YN,Yunnan,NA,Enter provincial share (0-1). Shares for each crop should sum to 1.0
FodderGrass,ZJ,Zhejiang,NA,Enter provincial share (0-1). Shares for each crop should sum to 1.0
FodderHerb,AH,Anhui,NA,Enter provincial share (0-1). Shares for each crop should sum to 1.0
FodderHerb,BJ,Beijing,NA,Enter provincial share (0-1). Shares for each crop should sum to 1.0
FodderHerb,CQ,Chongqing,NA,Enter provincial share (0-1). Shares for each crop should sum to 1.0
FodderHerb,FJ,Fujian,NA,Enter provincial share (0-1). Shares for each crop should sum to 1.0
FodderHerb,GD,Guangdong,NA,Enter provincial share (0-1). Shares for each crop should sum to 1.0
FodderHerb,GS,Gansu,NA,Enter provincial share (0-1). Shares for each crop should sum to 1.0
FodderHerb,GX,Guangxi,NA,Enter provincial share (0-1). Shares for each crop should sum to 1.0
FodderHerb,GZ,Guizhou,NA,Enter provincial share (0-1). Shares for each crop should sum to 1.0
FodderHerb,HA,Henan,NA,Enter provincial share (0-1). Shares for each crop should sum to 1.0
FodderHerb,HB,Hubei,NA,Enter provincial share (0-1). Shares for each crop should sum to 1.0
FodderHerb,HE,Hebei,NA,Enter provincial share (0-1). Shares for each crop should sum to 1.0
FodderHerb,HI,Hainan,NA,Enter provincial share (0-1). Shares for each crop should sum to 1.0
FodderHerb,HL,Heilongjiang,NA,Enter provincial share (0-1). Shares for each crop should sum to 1.0
FodderHerb,HN,Hunan,NA,Enter provincial share (0-1). Shares for each crop should sum to 1.0
FodderHerb,JL,Jilin,NA,Enter provincial share (0-1). Shares for each crop should sum to 1.0
FodderHerb,JS,Jiangsu,NA,Enter provincial share (0-1). Shares for each crop should sum to 1.0
FodderHerb,JX,Jiangxi,NA,Enter provincial share (0-1). Shares for each crop should sum to 1.0
FodderHerb,LN,Liaoning,NA,Enter provincial share (0-1). Shares for each crop should sum to 1.0
FodderHerb,NM,Inner Mongolia,NA,Enter provincial share (0-1). Shares for each crop should sum to 1.0
FodderHerb,NX,Ningxia,NA,Enter provincial share (0-1). Shares for each crop should sum to 1.0
FodderHerb,QH,Qinghai,NA,Enter provincial share (0-1). Shares for each crop should sum to 1.0
FodderHerb,SC,Sichuan,NA,Enter provincial share (0-1). Shares for each crop should sum to 1.0
FodderHerb,SD,Shandong,NA,Enter provincial share (0-1). Shares for each crop should sum to 1.0
FodderHerb,SH,Shanghai,NA,Enter provincial share (0-1). Shares for each crop should sum to 1.0
FodderHerb,SN,Shaanxi,NA,Enter provincial share (0-1). Shares for each crop should sum to 1.0
FodderHerb,SX,Shanxi,NA,Enter provincial share (0-1). Shares for each crop should sum to 1.0
FodderHerb,TJ,Tianjin,NA,Enter provincial share (0-1). Shares for each crop should sum to 1.0
FodderHerb,XJ,Xinjiang,NA,Enter provincial share (0-1). Shares for each crop should sum to 1.0
FodderHerb,XZ,Tibet,NA,Enter provincial share (0-1). Shares for each crop should sum to 1.0
FodderHerb,YN,Yunnan,NA,Enter provincial share (0-1). Shares for each crop should sum to 1.0
FodderHerb,ZJ,Zhejiang,NA,Enter provincial share (0-1). Shares for each crop should sum to 1.0
Forest,AH,Anhui,NA,Enter provincial share (0-1). Shares for each crop should sum to 1.0
Forest,BJ,Beijing,NA,Enter provincial share (0-1). Shares for each crop should sum to 1.0
Forest,CQ,Chongqing,NA,Enter provincial share (0-1). Shares for each crop should sum to 1.0
Forest,FJ,Fujian,NA,Enter provincial share (0-1). Shares for each crop should sum to 1.0
Forest,GD,Guangdong,NA,Enter provincial share (0-1). Shares for each crop should sum to 1.0
Forest,GS,Gansu,NA,Enter provincial share (0-1). Shares for each crop should sum to 1.0
Forest,GX,Guangxi,NA,Enter provincial share (0-1). Shares for each crop should sum to 1.0
Forest,GZ,Guizhou,NA,Enter provincial share (0-1). Shares for each crop should sum to 1.0
Forest,HA,Henan,NA,Enter provincial share (0-1). Shares for each crop should sum to 1.0
Forest,HB,Hubei,NA,Enter provincial share (0-1). Shares for each crop should sum to 1.0
Forest,HE,Hebei,NA,Enter provincial share (0-1). Shares for each crop should sum to 1.0
Forest,HI,Hainan,NA,Enter provincial share (0-1). Shares for each crop should sum to 1.0
Forest,HL,Heilongjiang,NA,Enter provincial share (0-1). Shares for each crop should sum to 1.0
Forest,HN,Hunan,NA,Enter provincial share (0-1). Shares for each crop should sum to 1.0
Forest,JL,Jilin,NA,Enter provincial share (0-1). Shares for each crop should sum to 1.0
Forest,JS,Jiangsu,NA,Enter provincial share (0-1). Shares for each crop should sum to 1.0
Forest,JX,Jiangxi,NA,Enter provincial share (0-1). Shares for each crop should sum to 1.0
Forest,LN,Liaoning,NA,Enter provincial share (0-1). Shares for each crop should sum to 1.0
Forest,NM,Inner Mongolia,NA,Enter provincial share (0-1). Shares for each crop should sum to 1.0
Forest,NX,Ningxia,NA,Enter provincial share (0-1). Shares for each crop should sum to 1.0
Forest,QH,Qinghai,NA,Enter provincial share (0-1). Shares for each crop should sum to 1.0
Forest,SC,Sichuan,NA,Enter provincial share (0-1). Shares for each crop should sum to 1.0
Forest,SD,Shandong,NA,Enter provincial share (0-1). Shares for each crop should sum to 1.0
Forest,SH,Shanghai,NA,Enter provincial share (0-1). Shares for each crop should sum to 1.0
Forest,SN,Shaanxi,NA,Enter provincial share (0-1). Shares for each crop should sum to 1.0
Forest,SX,Shanxi,NA,Enter provincial share (0-1). Shares for each crop should sum to 1.0
Forest,TJ,Tianjin,NA,Enter provincial share (0-1). Shares for each crop should sum to 1.0
Forest,XJ,Xinjiang,NA,Enter provincial share (0-1). Shares for each crop should sum to 1.0
Forest,XZ,Tibet,NA,Enter provincial share (0-1). Shares for each crop should sum to 1.0
Forest,YN,Yunnan,NA,Enter provincial share (0-1). Shares for each crop should sum to 1.0
Forest,ZJ,Zhejiang,NA,Enter provincial share (0-1). Shares for each crop should sum to 1.0
Fruits,AH,Anhui,NA,Enter provincial share (0-1). Shares for each crop should sum to 1.0
Fruits,BJ,Beijing,NA,Enter provincial share (0-1). Shares for each crop should sum to 1.0
Fruits,CQ,Chongqing,NA,Enter provincial share (0-1). Shares for each crop should sum to 1.0
Fruits,FJ,Fujian,NA,Enter provincial share (0-1). Shares for each crop should sum to 1.0
Fruits,GD,Guangdong,NA,Enter provincial share (0-1). Shares for each crop should sum to 1.0
Fruits,GS,Gansu,NA,Enter provincial share (0-1). Shares for each crop should sum to 1.0
Fruits,GX,Guangxi,NA,Enter provincial share (0-1). Shares for each crop should sum to 1.0
Fruits,GZ,Guizhou,NA,Enter provincial share (0-1). Shares for each crop should sum to 1.0
Fruits,HA,Henan,NA,Enter provincial share (0-1). Shares for each crop should sum to 1.0
Fruits,HB,Hubei,NA,Enter provincial share (0-1). Shares for each crop should sum to 1.0
Fruits,HE,Hebei,NA,Enter provincial share (0-1). Shares for each crop should sum to 1.0
Fruits,HI,Hainan,NA,Enter provincial share (0-1). Shares for each crop should sum to 1.0
Fruits,HL,Heilongjiang,NA,Enter provincial share (0-1). Shares for each crop should sum to 1.0
Fruits,HN,Hunan,NA,Enter provincial share (0-1). Shares for each crop should sum to 1.0
Fruits,JL,Jilin,NA,Enter provincial share (0-1). Shares for each crop should sum to 1.0
Fruits,JS,Jiangsu,NA,Enter provincial share (0-1). Shares for each crop should sum to 1.0
Fruits,JX,Jiangxi,NA,Enter provincial share (0-1). Shares for each crop should sum to 1.0
Fruits,LN,Liaoning,NA,Enter provincial share (0-1). Shares for each crop should sum to 1.0
Fruits,NM,Inner Mongolia,NA,Enter provincial share (0-1). Shares for each crop should sum to 1.0
Fruits,NX,Ningxia,NA,Enter provincial share (0-1). Shares for each crop should sum to 1.0
Fruits,QH,Qinghai,NA,Enter provincial share (0-1). Shares for each crop should sum to 1.0
Fruits,SC,Sichuan,NA,Enter provincial share (0-1). Shares for each crop should sum to 1.0
Fruits,SD,Shandong,NA,Enter provincial share (0-1). Shares for each crop should sum to 1.0
Fruits,SH,Shanghai,NA,Enter provincial share (0-1). Shares for each crop should sum to 1.0
Fruits,SN,Shaanxi,NA,Enter provincial share (0-1). Shares for each crop should sum to 1.0
Fruits,SX,Shanxi,NA,Enter provincial share (0-1). Shares for each crop should sum to 1.0
Fruits,TJ,Tianjin,NA,Enter provincial share (0-1). Shares for each crop should sum to 1.0
Fruits,XJ,Xinjiang,NA,Enter provincial share (0-1). Shares for each crop should sum to 1.0
Fruits,XZ,Tibet,NA,Enter provincial share (0-1). Shares for each crop should sum to 1.0
Fruits,YN,Yunnan,NA,Enter provincial share (0-1). Shares for each crop should sum to 1.0
Fruits,ZJ,Zhejiang,NA,Enter provincial share (0-1). Shares for each crop should sum to 1.0
Legumes,AH,Anhui,NA,Enter provincial share (0-1). Shares for each crop should sum to 1.0
Legumes,BJ,Beijing,NA,Enter provincial share (0-1). Shares for each crop should sum to 1.0
Legumes,CQ,Chongqing,NA,Enter provincial share (0-1). Shares for each crop should sum to 1.0
Legumes,FJ,Fujian,NA,Enter provincial share (0-1). Shares for each crop should sum to 1.0
Legumes,GD,Guangdong,NA,Enter provincial share (0-1). Shares for each crop should sum to 1.0
Legumes,GS,Gansu,NA,Enter provincial share (0-1). Shares for each crop should sum to 1.0
Legumes,GX,Guangxi,NA,Enter provincial share (0-1). Shares for each crop should sum to 1.0
Legumes,GZ,Guizhou,NA,Enter provincial share (0-1). Shares for each crop should sum to 1.0
Legumes,HA,Henan,NA,Enter provincial share (0-1). Shares for each crop should sum to 1.0
Legumes,HB,Hubei,NA,Enter provincial share (0-1). Shares for each crop should sum to 1.0
Legumes,HE,Hebei,NA,Enter provincial share (0-1). Shares for each crop should sum to 1.0
Legumes,HI,Hainan,NA,Enter provincial share (0-1). Shares for each crop should sum to 1.0
Legumes,HL,Heilongjiang,NA,Enter provincial share (0-1). Shares for each crop should sum to 1.0
Legumes,HN,Hunan,NA,Enter provincial share (0-1). Shares for each crop should sum to 1.0
Legumes,JL,Jilin,NA,Enter provincial share (0-1). Shares for each crop should sum to 1.0
Legumes,JS,Jiangsu,NA,Enter provincial share (0-1). Shares for each crop should sum to 1.0
Legumes,JX,Jiangxi,NA,Enter provincial share (0-1). Shares for each crop should sum to 1.0
Legumes,LN,Liaoning,NA,Enter provincial share (0-1). Shares for each crop should sum to 1.0
Legumes,NM,Inner Mongolia,NA,Enter provincial share (0-1). Shares for each crop should sum to 1.0
Legumes,NX,Ningxia,NA,Enter provincial share (0-1). Shares for each crop should sum to 1.0
Legumes,QH,Qinghai,NA,Enter provincial share (0-1). Shares for each crop should sum to 1.0
Legumes,SC,Sichuan,NA,Enter provincial share (0-1). Shares for each crop should sum to 1.0
Legumes,SD,Shandong,NA,Enter provincial share (0-1). Shares for each crop should sum to 1.0
Legumes,SH,Shanghai,NA,Enter provincial share (0-1). Shares for each crop should sum to 1.0
Legumes,SN,Shaanxi,NA,Enter provincial share (0-1). Shares for each crop should sum to 1.0
Legumes,SX,Shanxi,NA,Enter provincial share (0-1). Shares for each crop should sum to 1.0
Legumes,TJ,Tianjin,NA,Enter provincial share (0-1). Shares for each crop should sum to 1.0
Legumes,XJ,Xinjiang,NA,Enter provincial share (0-1). Shares for each crop should sum to 1.0
Legumes,XZ,Tibet,NA,Enter provincial share (0-1). Shares for each crop should sum to 1.0
Legumes,YN,Yunnan,NA,Enter provincial share (0-1). Shares for each crop should sum to 1.0
Legumes,ZJ,Zhejiang,NA,Enter provincial share (0-1). Shares for each crop should sum to 1.0
MiscCrop,AH,Anhui,NA,Enter provincial share (0-1). Shares for each crop should sum to 1.0
MiscCrop,BJ,Beijing,NA,Enter provincial share (0-1). Shares for each crop should sum to 1.0
MiscCrop,CQ,Chongqing,NA,Enter provincial share (0-1). Shares for each crop should sum to 1.0
MiscCrop,FJ,Fujian,NA,Enter provincial share (0-1). Shares for each crop should sum to 1.0
MiscCrop,GD,Guangdong,NA,Enter provincial share (0-1). Shares for each crop should sum to 1.0
MiscCrop,GS,Gansu,NA,Enter provincial share (0-1). Shares for each crop should sum to 1.0
MiscCrop,GX,Guangxi,NA,Enter provincial share (0-1). Shares for each crop should sum to 1.0
MiscCrop,GZ,Guizhou,NA,Enter provincial share (0-1). Shares for each crop should sum to 1.0
MiscCrop,HA,Henan,NA,Enter provincial share (0-1). Shares for each crop should sum to 1.0
MiscCrop,HB,Hubei,NA,Enter provincial share (0-1). Shares for each crop should sum to 1.0
MiscCrop,HE,Hebei,NA,Enter provincial share (0-1). Shares for each crop should sum to 1.0
MiscCrop,HI,Hainan,NA,Enter provincial share (0-1). Shares for each crop should sum to 1.0
MiscCrop,HL,Heilongjiang,NA,Enter provincial share (0-1). Shares for each crop should sum to 1.0
MiscCrop,HN,Hunan,NA,Enter provincial share (0-1). Shares for each crop should sum to 1.0
MiscCrop,JL,Jilin,NA,Enter provincial share (0-1). Shares for each crop should sum to 1.0
MiscCrop,JS,Jiangsu,NA,Enter provincial share (0-1). Shares for each crop should sum to 1.0
MiscCrop,JX,Jiangxi,NA,Enter provincial share (0-1). Shares for each crop should sum to 1.0
MiscCrop,LN,Liaoning,NA,Enter provincial share (0-1). Shares for each crop should sum to 1.0
MiscCrop,NM,Inner Mongolia,NA,Enter provincial share (0-1). Shares for each crop should sum to 1.0
MiscCrop,NX,Ningxia,NA,Enter provincial share (0-1). Shares for each crop should sum to 1.0
MiscCrop,QH,Qinghai,NA,Enter provincial share (0-1). Shares for each crop should sum to 1.0
MiscCrop,SC,Sichuan,NA,Enter provincial share (0-1). Shares for each crop should sum to 1.0
MiscCrop,SD,Shandong,NA,Enter provincial share (0-1). Shares for each crop should sum to 1.0
MiscCrop,SH,Shanghai,NA,Enter provincial share (0-1). Shares for each crop should sum to 1.0
MiscCrop,SN,Shaanxi,NA,Enter provincial share (0-1). Shares for each crop should sum to 1.0
MiscCrop,SX,Shanxi,NA,Enter provincial share (0-1). Shares for each crop should sum to 1.0
MiscCrop,TJ,Tianjin,NA,Enter provincial share (0-1). Shares for each crop should sum to 1.0
MiscCrop,XJ,Xinjiang,NA,Enter provincial share (0-1). Shares for each crop should sum to 1.0
MiscCrop,XZ,Tibet,NA,Enter provincial share (0-1). Shares for each crop should sum to 1.0
MiscCrop,YN,Yunnan,NA,Enter provincial share (0-1). Shares for each crop should sum to 1.0
MiscCrop,ZJ,Zhejiang,NA,Enter provincial share (0-1). Shares for each crop should sum to 1.0
NutsSeeds,AH,Anhui,NA,Enter provincial share (0-1). Shares for each crop should sum to 1.0
NutsSeeds,BJ,Beijing,NA,Enter provincial share (0-1). Shares for each crop should sum to 1.0
NutsSeeds,CQ,Chongqing,NA,Enter provincial share (0-1). Shares for each crop should sum to 1.0
NutsSeeds,FJ,Fujian,NA,Enter provincial share (0-1). Shares for each crop should sum to 1.0
NutsSeeds,GD,Guangdong,NA,Enter provincial share (0-1). Shares for each crop should sum to 1.0
NutsSeeds,GS,Gansu,NA,Enter provincial share (0-1). Shares for each crop should sum to 1.0
NutsSeeds,GX,Guangxi,NA,Enter provincial share (0-1). Shares for each crop should sum to 1.0
NutsSeeds,GZ,Guizhou,NA,Enter provincial share (0-1). Shares for each crop should sum to 1.0
NutsSeeds,HA,Henan,NA,Enter provincial share (0-1). Shares for each crop should sum to 1.0
NutsSeeds,HB,Hubei,NA,Enter provincial share (0-1). Shares for each crop should sum to 1.0
NutsSeeds,HE,Hebei,NA,Enter provincial share (0-1). Shares for each crop should sum to 1.0
NutsSeeds,HI,Hainan,NA,Enter provincial share (0-1). Shares for each crop should sum to 1.0
NutsSeeds,HL,Heilongjiang,NA,Enter provincial share (0-1). Shares for each crop should sum to 1.0
NutsSeeds,HN,Hunan,NA,Enter provincial share (0-1). Shares for each crop should sum to 1.0
NutsSeeds,JL,Jilin,NA,Enter provincial share (0-1). Shares for each crop should sum to 1.0
NutsSeeds,JS,Jiangsu,NA,Enter provincial share (0-1). Shares for each crop should sum to 1.0
NutsSeeds,JX,Jiangxi,NA,Enter provincial share (0-1). Shares for each crop should sum to 1.0
NutsSeeds,LN,Liaoning,NA,Enter provincial share (0-1). Shares for each crop should sum to 1.0
NutsSeeds,NM,Inner Mongolia,NA,Enter provincial share (0-1). Shares for each crop should sum to 1.0
NutsSeeds,NX,Ningxia,NA,Enter provincial share (0-1). Shares for each crop should sum to 1.0
NutsSeeds,QH,Qinghai,NA,Enter provincial share (0-1). Shares for each crop should sum to 1.0
NutsSeeds,SC,Sichuan,NA,Enter provincial share (0-1). Shares for each crop should sum to 1.0
NutsSeeds,SD,Shandong,NA,Enter provincial share (0-1). Shares for each crop should sum to 1.0
NutsSeeds,SH,Shanghai,NA,Enter provincial share (0-1). Shares for each crop should sum to 1.0
NutsSeeds,SN,Shaanxi,NA,Enter provincial share (0-1). Shares for each crop should sum to 1.0
NutsSeeds,SX,Shanxi,NA,Enter provincial share (0-1). Shares for each crop should sum to 1.0
NutsSeeds,TJ,Tianjin,NA,Enter provincial share (0-1). Shares for each crop should sum to 1.0
NutsSeeds,XJ,Xinjiang,NA,Enter provincial share (0-1). Shares for each crop should sum to 1.0
NutsSeeds,XZ,Tibet,NA,Enter provincial share (0-1). Shares for each crop should sum to 1.0
NutsSeeds,YN,Yunnan,NA,Enter provincial share (0-1). Shares for each crop should sum to 1.0
NutsSeeds,ZJ,Zhejiang,NA,Enter provincial share (0-1). Shares for each crop should sum to 1.0
OilCrop,AH,Anhui,NA,Enter provincial share (0-1). Shares for each crop should sum to 1.0
OilCrop,BJ,Beijing,NA,Enter provincial share (0-1). Shares for each crop should sum to 1.0
OilCrop,CQ,Chongqing,NA,Enter provincial share (0-1). Shares for each crop should sum to 1.0
OilCrop,FJ,Fujian,NA,Enter provincial share (0-1). Shares for each crop should sum to 1.0
OilCrop,GD,Guangdong,NA,Enter provincial share (0-1). Shares for each crop should sum to 1.0
OilCrop,GS,Gansu,NA,Enter provincial share (0-1). Shares for each crop should sum to 1.0
OilCrop,GX,Guangxi,NA,Enter provincial share (0-1). Shares for each crop should sum to 1.0
OilCrop,GZ,Guizhou,NA,Enter provincial share (0-1). Shares for each crop should sum to 1.0
OilCrop,HA,Henan,NA,Enter provincial share (0-1). Shares for each crop should sum to 1.0
OilCrop,HB,Hubei,NA,Enter provincial share (0-1). Shares for each crop should sum to 1.0
OilCrop,HE,Hebei,NA,Enter provincial share (0-1). Shares for each crop should sum to 1.0
OilCrop,HI,Hainan,NA,Enter provincial share (0-1). Shares for each crop should sum to 1.0
OilCrop,HL,Heilongjiang,NA,Enter provincial share (0-1). Shares for each crop should sum to 1.0
OilCrop,HN,Hunan,NA,Enter provincial share (0-1). Shares for each crop should sum to 1.0
OilCrop,JL,Jilin,NA,Enter provincial share (0-1). Shares for each crop should sum to 1.0
OilCrop,JS,Jiangsu,NA,Enter provincial share (0-1). Shares for each crop should sum to 1.0
OilCrop,JX,Jiangxi,NA,Enter provincial share (0-1). Shares for each crop should sum to 1.0
OilCrop,LN,Liaoning,NA,Enter provincial share (0-1). Shares for each crop should sum to 1.0
OilCrop,NM,Inner Mongolia,NA,Enter provincial share (0-1). Shares for each crop should sum to 1.0
OilCrop,NX,Ningxia,NA,Enter provincial share (0-1). Shares for each crop should sum to 1.0
OilCrop,QH,Qinghai,NA,Enter provincial share (0-1). Shares for each crop should sum to 1.0
OilCrop,SC,Sichuan,NA,Enter provincial share (0-1). Shares for each crop should sum to 1.0
OilCrop,SD,Shandong,NA,Enter provincial share (0-1). Shares for each crop should sum to 1.0
OilCrop,SH,Shanghai,NA,Enter provincial share (0-1). Shares for each crop should sum to 1.0
OilCrop,SN,Shaanxi,NA,Enter provincial share (0-1). Shares for each crop should sum to 1.0
OilCrop,SX,Shanxi,NA,Enter provincial share (0-1). Shares for each crop should sum to 1.0
OilCrop,TJ,Tianjin,NA,Enter provincial share (0-1). Shares for each crop should sum to 1.0
OilCrop,XJ,Xinjiang,NA,Enter provincial share (0-1). Shares for each crop should sum to 1.0
OilCrop,XZ,Tibet,NA,Enter provincial share (0-1). Shares for each crop should sum to 1.0
OilCrop,YN,Yunnan,NA,Enter provincial share (0-1). Shares for each crop should sum to 1.0
OilCrop,ZJ,Zhejiang,NA,Enter provincial share (0-1). Shares for each crop should sum to 1.0
OilPalm,AH,Anhui,NA,Enter provincial share (0-1). Shares for each crop should sum to 1.0
OilPalm,BJ,Beijing,NA,Enter provincial share (0-1). Shares for each crop should sum to 1.0
OilPalm,CQ,Chongqing,NA,Enter provincial share (0-1). Shares for each crop should sum to 1.0
OilPalm,FJ,Fujian,NA,Enter provincial share (0-1). Shares for each crop should sum to 1.0
OilPalm,GD,Guangdong,NA,Enter provincial share (0-1). Shares for each crop should sum to 1.0
OilPalm,GS,Gansu,NA,Enter provincial share (0-1). Shares for each crop should sum to 1.0
OilPalm,GX,Guangxi,NA,Enter provincial share (0-1). Shares for each crop should sum to 1.0
OilPalm,GZ,Guizhou,NA,Enter provincial share (0-1). Shares for each crop should sum to 1.0
OilPalm,HA,Henan,NA,Enter provincial share (0-1). Shares for each crop should sum to 1.0
OilPalm,HB,Hubei,NA,Enter provincial share (0-1). Shares for each crop should sum to 1.0
OilPalm,HE,Hebei,NA,Enter provincial share (0-1). Shares for each crop should sum to 1.0
OilPalm,HI,Hainan,NA,Enter provincial share (0-1). Shares for each crop should sum to 1.0
OilPalm,HL,Heilongjiang,NA,Enter provincial share (0-1). Shares for each crop should sum to 1.0
OilPalm,HN,Hunan,NA,Enter provincial share (0-1). Shares for each crop should sum to 1.0
OilPalm,JL,Jilin,NA,Enter provincial share (0-1). Shares for each crop should sum to 1.0
OilPalm,JS,Jiangsu,NA,Enter provincial share (0-1). Shares for each crop should sum to 1.0
OilPalm,JX,Jiangxi,NA,Enter provincial share (0-1). Shares for each crop should sum to 1.0
OilPalm,LN,Liaoning,NA,Enter provincial share (0-1). Shares for each crop should sum to 1.0
OilPalm,NM,Inner Mongolia,NA,Enter provincial share (0-1). Shares for each crop should sum to 1.0
OilPalm,NX,Ningxia,NA,Enter provincial share (0-1). Shares for each crop should sum to 1.0
OilPalm,QH,Qinghai,NA,Enter provincial share (0-1). Shares for each crop should sum to 1.0
OilPalm,SC,Sichuan,NA,Enter provincial share (0-1). Shares for each crop should sum to 1.0
OilPalm,SD,Shandong,NA,Enter provincial share (0-1). Shares for each crop should sum to 1.0
OilPalm,SH,Shanghai,NA,Enter provincial share (0-1). Shares for each crop should sum to 1.0
OilPalm,SN,Shaanxi,NA,Enter provincial share (0-1). Shares for each crop should sum to 1.0
OilPalm,SX,Shanxi,NA,Enter provincial share (0-1). Shares for each crop should sum to 1.0
OilPalm,TJ,Tianjin,NA,Enter provincial share (0-1). Shares for each crop should sum to 1.0
OilPalm,XJ,Xinjiang,NA,Enter provincial share (0-1). Shares for each crop should sum to 1.0
OilPalm,XZ,Tibet,NA,Enter provincial share (0-1). Shares for each crop should sum to 1.0
OilPalm,YN,Yunnan,NA,Enter provincial share (0-1). Shares for each crop should sum to 1.0
OilPalm,ZJ,Zhejiang,NA,Enter provincial share (0-1). Shares for each crop should sum to 1.0
OtherGrain,AH,Anhui,NA,Enter provincial share (0-1). Shares for each crop should sum to 1.0
OtherGrain,BJ,Beijing,NA,Enter provincial share (0-1). Shares for each crop should sum to 1.0
OtherGrain,CQ,Chongqing,NA,Enter provincial share (0-1). Shares for each crop should sum to 1.0
OtherGrain,FJ,Fujian,NA,Enter provincial share (0-1). Shares for each crop should sum to 1.0
OtherGrain,GD,Guangdong,NA,Enter provincial share (0-1). Shares for each crop should sum to 1.0
OtherGrain,GS,Gansu,NA,Enter provincial share (0-1). Shares for each crop should sum to 1.0
OtherGrain,GX,Guangxi,NA,Enter provincial share (0-1). Shares for each crop should sum to 1.0
OtherGrain,GZ,Guizhou,NA,Enter provincial share (0-1). Shares for each crop should sum to 1.0
OtherGrain,HA,Henan,NA,Enter provincial share (0-1). Shares for each crop should sum to 1.0
OtherGrain,HB,Hubei,NA,Enter provincial share (0-1). Shares for each crop should sum to 1.0
OtherGrain,HE,Hebei,NA,Enter provincial share (0-1). Shares for each crop should sum to 1.0
OtherGrain,HI,Hainan,NA,Enter provincial share (0-1). Shares for each crop should sum to 1.0
OtherGrain,HL,Heilongjiang,NA,Enter provincial share (0-1). Shares for each crop should sum to 1.0
OtherGrain,HN,Hunan,NA,Enter provincial share (0-1). Shares for each crop should sum to 1.0
OtherGrain,JL,Jilin,NA,Enter provincial share (0-1). Shares for each crop should sum to 1.0
OtherGrain,JS,Jiangsu,NA,Enter provincial share (0-1). Shares for each crop should sum to 1.0
OtherGrain,JX,Jiangxi,NA,Enter provincial share (0-1). Shares for each crop should sum to 1.0
OtherGrain,LN,Liaoning,NA,Enter provincial share (0-1). Shares for each crop should sum to 1.0
OtherGrain,NM,Inner Mongolia,NA,Enter provincial share (0-1). Shares for each crop should sum to 1.0
OtherGrain,NX,Ningxia,NA,Enter provincial share (0-1). Shares for each crop should sum to 1.0
OtherGrain,QH,Qinghai,NA,Enter provincial share (0-1). Shares for each crop should sum to 1.0
OtherGrain,SC,Sichuan,NA,Enter provincial share (0-1). Shares for each crop should sum to 1.0
OtherGrain,SD,Shandong,NA,Enter provincial share (0-1). Shares for each crop should sum to 1.0
OtherGrain,SH,Shanghai,NA,Enter provincial share (0-1). Shares for each crop should sum to 1.0
OtherGrain,SN,Shaanxi,NA,Enter provincial share (0-1). Shares for each crop should sum to 1.0
OtherGrain,SX,Shanxi,NA,Enter provincial share (0-1). Shares for each crop should sum to 1.0
OtherGrain,TJ,Tianjin,NA,Enter provincial share (0-1). Shares for each crop should sum to 1.0
OtherGrain,XJ,Xinjiang,NA,Enter provincial share (0-1). Shares for each crop should sum to 1.0
OtherGrain,XZ,Tibet,NA,Enter provincial share (0-1). Shares for each crop should sum to 1.0
OtherGrain,YN,Yunnan,NA,Enter provincial share (0-1). Shares for each crop should sum to 1.0
OtherGrain,ZJ,Zhejiang,NA,Enter provincial share (0-1). Shares for each crop should sum to 1.0
Pasture,AH,Anhui,NA,Enter provincial share (0-1). Shares for each crop should sum to 1.0
Pasture,BJ,Beijing,NA,Enter provincial share (0-1). Shares for each crop should sum to 1.0
Pasture,CQ,Chongqing,NA,Enter provincial share (0-1). Shares for each crop should sum to 1.0
Pasture,FJ,Fujian,NA,Enter provincial share (0-1). Shares for each crop should sum to 1.0
Pasture,GD,Guangdong,NA,Enter provincial share (0-1). Shares for each crop should sum to 1.0
Pasture,GS,Gansu,NA,Enter provincial share (0-1). Shares for each crop should sum to 1.0
Pasture,GX,Guangxi,NA,Enter provincial share (0-1). Shares for each crop should sum to 1.0
Pasture,GZ,Guizhou,NA,Enter provincial share (0-1). Shares for each crop should sum to 1.0
Pasture,HA,Henan,NA,Enter provincial share (0-1). Shares for each crop should sum to 1.0
Pasture,HB,Hubei,NA,Enter provincial share (0-1). Shares for each crop should sum to 1.0
Pasture,HE,Hebei,NA,Enter provincial share (0-1). Shares for each crop should sum to 1.0
Pasture,HI,Hainan,NA,Enter provincial share (0-1). Shares for each crop should sum to 1.0
Pasture,HL,Heilongjiang,NA,Enter provincial share (0-1). Shares for each crop should sum to 1.0
Pasture,HN,Hunan,NA,Enter provincial share (0-1). Shares for each crop should sum to 1.0
Pasture,JL,Jilin,NA,Enter provincial share (0-1). Shares for each crop should sum to 1.0
Pasture,JS,Jiangsu,NA,Enter provincial share (0-1). Shares for each crop should sum to 1.0
Pasture,JX,Jiangxi,NA,Enter provincial share (0-1). Shares for each crop should sum to 1.0
Pasture,LN,Liaoning,NA,Enter provincial share (0-1). Shares for each crop should sum to 1.0
Pasture,NM,Inner Mongolia,NA,Enter provincial share (0-1). Shares for each crop should sum to 1.0
Pasture,NX,Ningxia,NA,Enter provincial share (0-1). Shares for each crop should sum to 1.0
Pasture,QH,Qinghai,NA,Enter provincial share (0-1). Shares for each crop should sum to 1.0
Pasture,SC,Sichuan,NA,Enter provincial share (0-1). Shares for each crop should sum to 1.0
Pasture,SD,Shandong,NA,Enter provincial share (0-1). Shares for each crop should sum to 1.0
Pasture,SH,Shanghai,NA,Enter provincial share (0-1). Shares for each crop should sum to 1.0
Pasture,SN,Shaanxi,NA,Enter provincial share (0-1). Shares for each crop should sum to 1.0
Pasture,SX,Shanxi,NA,Enter provincial share (0-1). Shares for each crop should sum to 1.0
Pasture,TJ,Tianjin,NA,Enter provincial share (0-1). Shares for each crop should sum to 1.0
Pasture,XJ,Xinjiang,NA,Enter provincial share (0-1). Shares for each crop should sum to 1.0
Pasture,XZ,Tibet,NA,Enter provincial share (0-1). Shares for each crop should sum to 1.0
Pasture,YN,Yunnan,NA,Enter provincial share (0-1). Shares for each crop should sum to 1.0
Pasture,ZJ,Zhejiang,NA,Enter provincial share (0-1). Shares for each crop should sum to 1.0
Rice,AH,Anhui,NA,Enter provincial share (0-1). Shares for each crop should sum to 1.0
Rice,BJ,Beijing,NA,Enter provincial share (0-1). Shares for each crop should sum to 1.0
Rice,CQ,Chongqing,NA,Enter provincial share (0-1). Shares for each crop should sum to 1.0
Rice,FJ,Fujian,NA,Enter provincial share (0-1). Shares for each crop should sum to 1.0
Rice,GD,Guangdong,NA,Enter provincial share (0-1). Shares for each crop should sum to 1.0
Rice,GS,Gansu,NA,Enter provincial share (0-1). Shares for each crop should sum to 1.0
Rice,GX,Guangxi,NA,Enter provincial share (0-1). Shares for each crop should sum to 1.0
Rice,GZ,Guizhou,NA,Enter provincial share (0-1). Shares for each crop should sum to 1.0
Rice,HA,Henan,NA,Enter provincial share (0-1). Shares for each crop should sum to 1.0
Rice,HB,Hubei,NA,Enter provincial share (0-1). Shares for each crop should sum to 1.0
Rice,HE,Hebei,NA,Enter provincial share (0-1). Shares for each crop should sum to 1.0
Rice,HI,Hainan,NA,Enter provincial share (0-1). Shares for each crop should sum to 1.0
Rice,HL,Heilongjiang,NA,Enter provincial share (0-1). Shares for each crop should sum to 1.0
Rice,HN,Hunan,NA,Enter provincial share (0-1). Shares for each crop should sum to 1.0
Rice,JL,Jilin,NA,Enter provincial share (0-1). Shares for each crop should sum to 1.0
Rice,JS,Jiangsu,NA,Enter provincial share (0-1). Shares for each crop should sum to 1.0
Rice,JX,Jiangxi,NA,Enter provincial share (0-1). Shares for each crop should sum to 1.0
Rice,LN,Liaoning,NA,Enter provincial share (0-1). Shares for each crop should sum to 1.0
Rice,NM,Inner Mongolia,NA,Enter provincial share (0-1). Shares for each crop should sum to 1.0
Rice,NX,Ningxia,NA,Enter provincial share (0-1). Shares for each crop should sum to 1.0
Rice,QH,Qinghai,NA,Enter provincial share (0-1). Shares for each crop should sum to 1.0
Rice,SC,Sichuan,NA,Enter provincial share (0-1). Shares for each crop should sum to 1.0
Rice,SD,Shandong,NA,Enter provincial share (0-1). Shares for each crop should sum to 1.0
Rice,SH,Shanghai,NA,Enter provincial share (0-1). Shares for each crop should sum to 1.0
Rice,SN,Shaanxi,NA,Enter provincial share (0-1). Shares for each crop should sum to 1.0
Rice,SX,Shanxi,NA,Enter provincial share (0-1). Shares for each crop should sum to 1.0
Rice,TJ,Tianjin,NA,Enter provincial share (0-1). Shares for each crop should sum to 1.0
Rice,XJ,Xinjiang,NA,Enter provincial share (0-1). Shares for each crop should sum to 1.0
Rice,XZ,Tibet,NA,Enter provincial share (0-1). Shares for each crop should sum to 1.0
Rice,YN,Yunnan,NA,Enter provincial share (0-1). Shares for each crop should sum to 1.0
Rice,ZJ,Zhejiang,NA,Enter provincial share (0-1). Shares for each crop should sum to 1.0
RootTuber,AH,Anhui,NA,Enter provincial share (0-1). Shares for each crop should sum to 1.0
RootTuber,BJ,Beijing,NA,Enter provincial share (0-1). Shares for each crop should sum to 1.0
RootTuber,CQ,Chongqing,NA,Enter provincial share (0-1). Shares for each crop should sum to 1.0
RootTuber,FJ,Fujian,NA,Enter provincial share (0-1). Shares for each crop should sum to 1.0
RootTuber,GD,Guangdong,NA,Enter provincial share (0-1). Shares for each crop should sum to 1.0
RootTuber,GS,Gansu,NA,Enter provincial share (0-1). Shares for each crop should sum to 1.0
RootTuber,GX,Guangxi,NA,Enter provincial share (0-1). Shares for each crop should sum to 1.0
RootTuber,GZ,Guizhou,NA,Enter provincial share (0-1). Shares for each crop should sum to 1.0
RootTuber,HA,Henan,NA,Enter provincial share (0-1). Shares for each crop should sum to 1.0
RootTuber,HB,Hubei,NA,Enter provincial share (0-1). Shares for each crop should sum to 1.0
RootTuber,HE,Hebei,NA,Enter provincial share (0-1). Shares for each crop should sum to 1.0
RootTuber,HI,Hainan,NA,Enter provincial share (0-1). Shares for each crop should sum to 1.0
RootTuber,HL,Heilongjiang,NA,Enter provincial share (0-1). Shares for each crop should sum to 1.0
RootTuber,HN,Hunan,NA,Enter provincial share (0-1). Shares for each crop should sum to 1.0
RootTuber,JL,Jilin,NA,Enter provincial share (0-1). Shares for each crop should sum to 1.0
RootTuber,JS,Jiangsu,NA,Enter provincial share (0-1). Shares for each crop should sum to 1.0
RootTuber,JX,Jiangxi,NA,Enter provincial share (0-1). Shares for each crop should sum to 1.0
RootTuber,LN,Liaoning,NA,Enter provincial share (0-1). Shares for each crop should sum to 1.0
RootTuber,NM,Inner Mongolia,NA,Enter provincial share (0-1). Shares for each crop should sum to 1.0
RootTuber,NX,Ningxia,NA,Enter provincial share (0-1). Shares for each crop should sum to 1.0
RootTuber,QH,Qinghai,NA,Enter provincial share (0-1). Shares for each crop should sum to 1.0
RootTuber,SC,Sichuan,NA,Enter provincial share (0-1). Shares for each crop should sum to 1.0
RootTuber,SD,Shandong,NA,Enter provincial share (0-1). Shares for each crop should sum to 1.0
RootTuber,SH,Shanghai,NA,Enter provincial share (0-1). Shares for each crop should sum to 1.0
RootTuber,SN,Shaanxi,NA,Enter provincial share (0-1). Shares for each crop should sum to 1.0
RootTuber,SX,Shanxi,NA,Enter provincial share (0-1). Shares for each crop should sum to 1.0
RootTuber,TJ,Tianjin,NA,Enter provincial share (0-1). Shares for each crop should sum to 1.0
RootTuber,XJ,Xinjiang,NA,Enter provincial share (0-1). Shares for each crop should sum to 1.0
RootTuber,XZ,Tibet,NA,Enter provincial share (0-1). Shares for each crop should sum to 1.0
RootTuber,YN,Yunnan,NA,Enter provincial share (0-1). Shares for each crop should sum to 1.0
RootTuber,ZJ,Zhejiang,NA,Enter provincial share (0-1). Shares for each crop should sum to 1.0
Soybean,AH,Anhui,NA,Enter provincial share (0-1). Shares for each crop should sum to 1.0
Soybean,BJ,Beijing,NA,Enter provincial share (0-1). Shares for each crop should sum to 1.0
Soybean,CQ,Chongqing,NA,Enter provincial share (0-1). Shares for each crop should sum to 1.0
Soybean,FJ,Fujian,NA,Enter provincial share (0-1). Shares for each crop should sum to 1.0
Soybean,GD,Guangdong,NA,Enter provincial share (0-1). Shares for each crop should sum to 1.0
Soybean,GS,Gansu,NA,Enter provincial share (0-1). Shares for each crop should sum to 1.0
Soybean,GX,Guangxi,NA,Enter provincial share (0-1). Shares for each crop should sum to 1.0
Soybean,GZ,Guizhou,NA,Enter provincial share (0-1). Shares for each crop should sum to 1.0
Soybean,HA,Henan,NA,Enter provincial share (0-1). Shares for each crop should sum to 1.0
Soybean,HB,Hubei,NA,Enter provincial share (0-1). Shares for each crop should sum to 1.0
Soybean,HE,Hebei,NA,Enter provincial share (0-1). Shares for each crop should sum to 1.0
Soybean,HI,Hainan,NA,Enter provincial share (0-1). Shares for each crop should sum to 1.0
Soybean,HL,Heilongjiang,NA,Enter provincial share (0-1). Shares for each crop should sum to 1.0
Soybean,HN,Hunan,NA,Enter provincial share (0-1). Shares for each crop should sum to 1.0
Soybean,JL,Jilin,NA,Enter provincial share (0-1). Shares for each crop should sum to 1.0
Soybean,JS,Jiangsu,NA,Enter provincial share (0-1). Shares for each crop should sum to 1.0
Soybean,JX,Jiangxi,NA,Enter provincial share (0-1). Shares for each crop should sum to 1.0
Soybean,LN,Liaoning,NA,Enter provincial share (0-1). Shares for each crop should sum to 1.0
Soybean,NM,Inner Mongolia,NA,Enter provincial share (0-1). Shares for each crop should sum to 1.0
Soybean,NX,Ningxia,NA,Enter provincial share (0-1). Shares for each crop should sum to 1.0
Soybean,QH,Qinghai,NA,Enter provincial share (0-1). Shares for each crop should sum to 1.0
Soybean,SC,Sichuan,NA,Enter provincial share (0-1). Shares for each crop should sum to 1.0
Soybean,SD,Shandong,NA,Enter provincial share (0-1). Shares for each crop should sum to 1.0
Soybean,SH,Shanghai,NA,Enter provincial share (0-1). Shares for each crop should sum to 1.0
Soybean,SN,Shaanxi,NA,Enter provincial share (0-1). Shares for each crop should sum to 1.0
Soybean,SX,Shanxi,NA,Enter provincial share (0-1). Shares for each crop should sum to 1.0
Soybean,TJ,Tianjin,NA,Enter provincial share (0-1). Shares for each crop should sum to 1.0
Soybean,XJ,Xinjiang,NA,Enter provincial share (0-1). Shares for each crop should sum to 1.0
Soybean,XZ,Tibet,NA,Enter provincial share (0-1). Shares for each crop should sum to 1.0
Soybean,YN,Yunnan,NA,Enter provincial share (0-1). Shares for each crop should sum to 1.0
Soybean,ZJ,Zhejiang,NA,Enter provincial share (0-1). Shares for each crop should sum to 1.0
SugarCrop,AH,Anhui,NA,Enter provincial share (0-1). Shares for each crop should sum to 1.0
SugarCrop,BJ,Beijing,NA,Enter provincial share (0-1). Shares for each crop should sum to 1.0
SugarCrop,CQ,Chongqing,NA,Enter provincial share (0-1). Shares for each crop should sum to 1.0
SugarCrop,FJ,Fujian,NA,Enter provincial share (0-1). Shares for each crop should sum to 1.0
SugarCrop,GD,Guangdong,NA,Enter provincial share (0-1). Shares for each crop should sum to 1.0
SugarCrop,GS,Gansu,NA,Enter provincial share (0-1). Shares for each crop should sum to 1.0
SugarCrop,GX,Guangxi,NA,Enter provincial share (0-1). Shares for each crop should sum to 1.0
SugarCrop,GZ,Guizhou,NA,Enter provincial share (0-1). Shares for each crop should sum to 1.0
SugarCrop,HA,Henan,NA,Enter provincial share (0-1). Shares for each crop should sum to 1.0
SugarCrop,HB,Hubei,NA,Enter provincial share (0-1). Shares for each crop should sum to 1.0
SugarCrop,HE,Hebei,NA,Enter provincial share (0-1). Shares for each crop should sum to 1.0
SugarCrop,HI,Hainan,NA,Enter provincial share (0-1). Shares for each crop should sum to 1.0
SugarCrop,HL,Heilongjiang,NA,Enter provincial share (0-1). Shares for each crop should sum to 1.0
SugarCrop,HN,Hunan,NA,Enter provincial share (0-1). Shares for each crop should sum to 1.0
SugarCrop,JL,Jilin,NA,Enter provincial share (0-1). Shares for each crop should sum to 1.0
SugarCrop,JS,Jiangsu,NA,Enter provincial share (0-1). Shares for each crop should sum to 1.0
SugarCrop,JX,Jiangxi,NA,Enter provincial share (0-1). Shares for each crop should sum to 1.0
SugarCrop,LN,Liaoning,NA,Enter provincial share (0-1). Shares for each crop should sum to 1.0
SugarCrop,NM,Inner Mongolia,NA,Enter provincial share (0-1). Shares for each crop should sum to 1.0
SugarCrop,NX,Ningxia,NA,Enter provincial share (0-1). Shares for each crop should sum to 1.0
SugarCrop,QH,Qinghai,NA,Enter provincial share (0-1). Shares for each crop should sum to 1.0
SugarCrop,SC,Sichuan,NA,Enter provincial share (0-1). Shares for each crop should sum to 1.0
SugarCrop,SD,Shandong,NA,Enter provincial share (0-1). Shares for each crop should sum to 1.0
SugarCrop,SH,Shanghai,NA,Enter provincial share (0-1). Shares for each crop should sum to 1.0
SugarCrop,SN,Shaanxi,NA,Enter provincial share (0-1). Shares for each crop should sum to 1.0
SugarCrop,SX,Shanxi,NA,Enter provincial share (0-1). Shares for each crop should sum to 1.0
SugarCrop,TJ,Tianjin,NA,Enter provincial share (0-1). Shares for each crop should sum to 1.0
SugarCrop,XJ,Xinjiang,NA,Enter provincial share (0-1). Shares for each crop should sum to 1.0
SugarCrop,XZ,Tibet,NA,Enter provincial share (0-1). Shares for each crop should sum to 1.0
SugarCrop,YN,Yunnan,NA,Enter provincial share (0-1). Shares for each crop should sum to 1.0
SugarCrop,ZJ,Zhejiang,NA,Enter provincial share (0-1). Shares for each crop should sum to 1.0
Vegetables,AH,Anhui,NA,Enter provincial share (0-1). Shares for each crop should sum to 1.0
Vegetables,BJ,Beijing,NA,Enter provincial share (0-1). Shares for each crop should sum to 1.0
Vegetables,CQ,Chongqing,NA,Enter provincial share (0-1). Shares for each crop should sum to 1.0
Vegetables,FJ,Fujian,NA,Enter provincial share (0-1). Shares for each crop should sum to 1.0
Vegetables,GD,Guangdong,NA,Enter provincial share (0-1). Shares for each crop should sum to 1.0
Vegetables,GS,Gansu,NA,Enter provincial share (0-1). Shares for each crop should sum to 1.0
Vegetables,GX,Guangxi,NA,Enter provincial share (0-1). Shares for each crop should sum to 1.0
Vegetables,GZ,Guizhou,NA,Enter provincial share (0-1). Shares for each crop should sum to 1.0
Vegetables,HA,Henan,NA,Enter provincial share (0-1). Shares for each crop should sum to 1.0
Vegetables,HB,Hubei,NA,Enter provincial share (0-1). Shares for each crop should sum to 1.0
Vegetables,HE,Hebei,NA,Enter provincial share (0-1). Shares for each crop should sum to 1.0
Vegetables,HI,Hainan,NA,Enter provincial share (0-1). Shares for each crop should sum to 1.0
Vegetables,HL,Heilongjiang,NA,Enter provincial share (0-1). Shares for each crop should sum to 1.0
Vegetables,HN,Hunan,NA,Enter provincial share (0-1). Shares for each crop should sum to 1.0
Vegetables,JL,Jilin,NA,Enter provincial share (0-1). Shares for each crop should sum to 1.0
Vegetables,JS,Jiangsu,NA,Enter provincial share (0-1). Shares for each crop should sum to 1.0
Vegetables,JX,Jiangxi,NA,Enter provincial share (0-1). Shares for each crop should sum to 1.0
Vegetables,LN,Liaoning,NA,Enter provincial share (0-1). Shares for each crop should sum to 1.0
Vegetables,NM,Inner Mongolia,NA,Enter provincial share (0-1). Shares for each crop should sum to 1.0
Vegetables,NX,Ningxia,NA,Enter provincial share (0-1). Shares for each crop should sum to 1.0
Vegetables,QH,Qinghai,NA,Enter provincial share (0-1). Shares for each crop should sum to 1.0
Vegetables,SC,Sichuan,NA,Enter provincial share (0-1). Shares for each crop should sum to 1.0
Vegetables,SD,Shandong,NA,Enter provincial share (0-1). Shares for each crop should sum to 1.0
Vegetables,SH,Shanghai,NA,Enter provincial share (0-1). Shares for each crop should sum to 1.0
Vegetables,SN,Shaanxi,NA,Enter provincial share (0-1). Shares for each crop should sum to 1.0
Vegetables,SX,Shanxi,NA,Enter provincial share (0-1). Shares for each crop should sum to 1.0
Vegetables,TJ,Tianjin,NA,Enter provincial share (0-1). Shares for each crop should sum to 1.0
Vegetables,XJ,Xinjiang,NA,Enter provincial share (0-1). Shares for each crop should sum to 1.0
Vegetables,XZ,Tibet,NA,Enter provincial share (0-1). Shares for each crop should sum to 1.0
Vegetables,YN,Yunnan,NA,Enter provincial share (0-1). Shares for each crop should sum to 1.0
Vegetables,ZJ,Zhejiang,NA,Enter provincial share (0-1). Shares for each crop should sum to 1.0
Wheat,AH,Anhui,NA,Enter provincial share (0-1). Shares for each crop should sum to 1.0
Wheat,BJ,Beijing,NA,Enter provincial share (0-1). Shares for each crop should sum to 1.0
Wheat,CQ,Chongqing,NA,Enter provincial share (0-1). Shares for each crop should sum to 1.0
Wheat,FJ,Fujian,NA,Enter provincial share (0-1). Shares for each crop should sum to 1.0
Wheat,GD,Guangdong,NA,Enter provincial share (0-1). Shares for each crop should sum to 1.0
Wheat,GS,Gansu,NA,Enter provincial share (0-1). Shares for each crop should sum to 1.0
Wheat,GX,Guangxi,NA,Enter provincial share (0-1). Shares for each crop should sum to 1.0
Wheat,GZ,Guizhou,NA,Enter provincial share (0-1). Shares for each crop should sum to 1.0
Wheat,HA,Henan,NA,Enter provincial share (0-1). Shares for each crop should sum to 1.0
Wheat,HB,Hubei,NA,Enter provincial share (0-1). Shares for each crop should sum to 1.0
Wheat,HE,Hebei,NA,Enter provincial share (0-1). Shares for each crop should sum to 1.0
Wheat,HI,Hainan,NA,Enter provincial share (0-1). Shares for each crop should sum to 1.0
Wheat,HL,Heilongjiang,NA,Enter provincial share (0-1). Shares for each crop should sum to 1.0
Wheat,HN,Hunan,NA,Enter provincial share (0-1). Shares for each crop should sum to 1.0
Wheat,JL,Jilin,NA,Enter provincial share (0-1). Shares for each crop should sum to 1.0
Wheat,JS,Jiangsu,NA,Enter provincial share (0-1). Shares for each crop should sum to 1.0
Wheat,JX,Jiangxi,NA,Enter provincial share (0-1). Shares for each crop should sum to 1.0
Wheat,LN,Liaoning,NA,Enter provincial share (0-1). Shares for each crop should sum to 1.0
Wheat,NM,Inner Mongolia,NA,Enter provincial share (0-1). Shares for each crop should sum to 1.0
Wheat,NX,Ningxia,NA,Enter provincial share (0-1). Shares for each crop should sum to 1.0
Wheat,QH,Qinghai,NA,Enter provincial share (0-1). Shares for each crop should sum to 1.0
Wheat,SC,Sichuan,NA,Enter provincial share (0-1). Shares for each crop should sum to 1.0
Wheat,SD,Shandong,NA,Enter provincial share (0-1). Shares for each crop should sum to 1.0
Wheat,SH,Shanghai,NA,Enter provincial share (0-1). Shares for each crop should sum to 1.0
Wheat,SN,Shaanxi,NA,Enter provincial share (0-1). Shares for each crop should sum to 1.0
Wheat,SX,Shanxi,NA,Enter provincial share (0-1). Shares for each crop should sum to 1.0
Wheat,TJ,Tianjin,NA,Enter provincial share (0-1). Shares for each crop should sum to 1.0
Wheat,XJ,Xinjiang,NA,Enter provincial share (0-1). Shares for each crop should sum to 1.0
Wheat,XZ,Tibet,NA,Enter provincial share (0-1). Shares for each crop should sum to 1.0
Wheat,YN,Yunnan,NA,Enter provincial share (0-1). Shares for each crop should sum to 1.0
Wheat,ZJ,Zhejiang,NA,Enter provincial share (0-1). Shares for each crop should sum to 1.0
