# CO2 emission by sector mapping,,,,,,,,
sector,var1,var2,var3,var4,var5,var6,var7,unit_conv
agricultural energy use,Emissions|CO2|Energy and Industrial Processes,Emissions|CO2|Energy,Emissions|CO2|Energy|Demand,Emissions|CO2|Energy|Demand|Industry,Emissions|CO2|Energy|Demand|Industry|Other,,,3.666667
other industrial feedstocks,Emissions|CO2|Energy and Industrial Processes,Emissions|CO2|Industrial Processes,,,,,,3.666667
cement,Emissions|CO2|Energy and Industrial Processes,Emissions|CO2|Industrial Processes,,,,,,3.666667
process heat cement,Emissions|CO2|Energy and Industrial Processes,Emissions|CO2|Energy,Emissions|CO2|Energy|Demand,Emissions|CO2|Energy|Demand|Industry,Emissions|CO2|Energy|Demand|Industry|Cement,,,3.666667
other industrial energy use,Emissions|CO2|Energy and Industrial Processes,Emissions|CO2|Energy,Emissions|CO2|Energy|Demand,Emissions|CO2|Energy|Demand|Industry,Emissions|CO2|Energy|Demand|Industry|Other,,,3.666667
N fertilizer,Emissions|CO2|Energy and Industrial Processes,Emissions|CO2|Energy,Emissions|CO2|Energy|Demand,Emissions|CO2|Energy|Demand|Industry,Emissions|CO2|Energy|Demand|Industry|Chemicals,,,3.666667
comm cooling,Emissions|CO2|Energy and Industrial Processes,Emissions|CO2|Energy,Emissions|CO2|Energy|Demand,Emissions|CO2|Energy|Demand|Residential and Commercial,Emissions|CO2|Energy|Demand|Residential and Commercial|Commercial,,,3.666667
comm heating,Emissions|CO2|Energy and Industrial Processes,Emissions|CO2|Energy,Emissions|CO2|Energy|Demand,Emissions|CO2|Energy|Demand|Residential and Commercial,Emissions|CO2|Energy|Demand|Residential and Commercial|Commercial,,,3.666667
comm others,Emissions|CO2|Energy and Industrial Processes,Emissions|CO2|Energy,Emissions|CO2|Energy|Demand,Emissions|CO2|Energy|Demand|Residential and Commercial,Emissions|CO2|Energy|Demand|Residential and Commercial|Commercial,,,3.666667
resid cooling,Emissions|CO2|Energy and Industrial Processes,Emissions|CO2|Energy,Emissions|CO2|Energy|Demand,Emissions|CO2|Energy|Demand|Residential and Commercial,Emissions|CO2|Energy|Demand|Residential and Commercial|Residential,,,3.666667
resid heating,Emissions|CO2|Energy and Industrial Processes,Emissions|CO2|Energy,Emissions|CO2|Energy|Demand,Emissions|CO2|Energy|Demand|Residential and Commercial,Emissions|CO2|Energy|Demand|Residential and Commercial|Residential,,,3.666667
resid others,Emissions|CO2|Energy and Industrial Processes,Emissions|CO2|Energy,Emissions|CO2|Energy|Demand,Emissions|CO2|Energy|Demand|Residential and Commercial,Emissions|CO2|Energy|Demand|Residential and Commercial|Residential,,,3.666667
trn_aviation_intl,Emissions|CO2|Energy and Industrial Processes,Emissions|CO2|Energy,Emissions|CO2|Energy|Demand,Emissions|CO2|Energy|Demand|Transportation,Emissions|CO2|Energy|Demand|Transportation|Passenger,Emissions|CO2|Energy|Demand|Transportation|Passenger|Aviation,,3.666667
trn_freight,Emissions|CO2|Energy and Industrial Processes,Emissions|CO2|Energy,Emissions|CO2|Energy|Demand,Emissions|CO2|Energy|Demand|Transportation,Emissions|CO2|Energy|Demand|Transportation|Freight,,,3.666667
trn_freight_road,Emissions|CO2|Energy and Industrial Processes,Emissions|CO2|Energy,Emissions|CO2|Energy|Demand,Emissions|CO2|Energy|Demand|Transportation,Emissions|CO2|Energy|Demand|Transportation|Freight,Emissions|CO2|Energy|Demand|Transportation|Freight|Road,,3.666667
trn_pass,Emissions|CO2|Energy and Industrial Processes,Emissions|CO2|Energy,Emissions|CO2|Energy|Demand,Emissions|CO2|Energy|Demand|Transportation,Emissions|CO2|Energy|Demand|Transportation|Passenger,,,3.666667
trn_pass_road,Emissions|CO2|Energy and Industrial Processes,Emissions|CO2|Energy,Emissions|CO2|Energy|Demand,Emissions|CO2|Energy|Demand|Transportation,Emissions|CO2|Energy|Demand|Transportation|Passenger,Emissions|CO2|Energy|Demand|Transportation|Passenger|Road,,3.666667
trn_pass_road_LDV,Emissions|CO2|Energy and Industrial Processes,Emissions|CO2|Energy,Emissions|CO2|Energy|Demand,Emissions|CO2|Energy|Demand|Transportation,Emissions|CO2|Energy|Demand|Transportation|Passenger,Emissions|CO2|Energy|Demand|Transportation|Passenger|Road,,3.666667
trn_pass_road_LDV_4W,Emissions|CO2|Energy and Industrial Processes,Emissions|CO2|Energy,Emissions|CO2|Energy|Demand,Emissions|CO2|Energy|Demand|Transportation,Emissions|CO2|Energy|Demand|Transportation|Passenger,Emissions|CO2|Energy|Demand|Transportation|Passenger|Road,,3.666667
trn_shipping_intl,Emissions|CO2|Energy and Industrial Processes,Emissions|CO2|Energy,Emissions|CO2|Energy|Demand,Emissions|CO2|Energy|Demand|Transportation,Emissions|CO2|Energy|Demand|Transportation|Freight,Emissions|CO2|Energy|Demand|Transportation|Freight|Shipping,,3.666667
backup_electricity,Emissions|CO2|Energy and Industrial Processes,Emissions|CO2|Energy,Emissions|CO2|Energy|Supply,Emissions|CO2|Energy|Supply|Electricity,,,,3.666667
csp_backup,Emissions|CO2|Energy and Industrial Processes,Emissions|CO2|Energy,Emissions|CO2|Energy|Supply,Emissions|CO2|Energy|Supply|Electricity,,,,3.666667
electricity,Emissions|CO2|Energy and Industrial Processes,Emissions|CO2|Energy,Emissions|CO2|Energy|Supply,Emissions|CO2|Energy|Supply|Electricity,,,,3.666667
district heat,Emissions|CO2|Energy and Industrial Processes,Emissions|CO2|Energy,Emissions|CO2|Energy|Supply,Emissions|CO2|Energy|Supply|Heat,,,,3.666667
alumina,Emissions|CO2|Energy and Industrial Processes,Emissions|CO2|Energy,Emissions|CO2|Energy|Demand,Emissions|CO2|Energy|Demand|Industry,Emissions|CO2|Energy|Demand|Industry|Non-ferrous metals,,,3.666667
iron and steel,Emissions|CO2|Energy and Industrial Processes,Emissions|CO2|Energy,Emissions|CO2|Energy|Demand,Emissions|CO2|Energy|Demand|Industry,Emissions|CO2|Energy|Demand|Industry|Iron and Steel,,,3.666667
mining energy use,Emissions|CO2|Energy and Industrial Processes,Emissions|CO2|Energy,Emissions|CO2|Energy|Demand,Emissions|CO2|Energy|Demand|Industry,Emissions|CO2|Energy|Demand|Industry|Mining,,,3.666667
construction energy use,Emissions|CO2|Energy and Industrial Processes,Emissions|CO2|Energy,Emissions|CO2|Energy|Demand,Emissions|CO2|Energy|Demand|Industry,Emissions|CO2|Energy|Demand|Industry|Construction,,,3.666667
construction feedstocks,Emissions|CO2|Energy and Industrial Processes,Emissions|CO2|Industrial Processes,,,,,,3.666667
chemical energy use,Emissions|CO2|Energy and Industrial Processes,Emissions|CO2|Energy,Emissions|CO2|Energy|Demand,Emissions|CO2|Energy|Demand|Industry,Emissions|CO2|Energy|Demand|Industry|Chemicals,,,3.666667
chemical feedstocks,Emissions|CO2|Energy and Industrial Processes,Emissions|CO2|Industrial Processes,,,,,,3.666667
airCO2,Emissions|CO2|Energy and Industrial Processes,Emissions|CO2|Industrial Processes,,,,,,3.666667
coal CCS retrofit,Emissions|CO2|Energy and Industrial Processes,Emissions|CO2|Energy,Emissions|CO2|Energy|Supply,Emissions|CO2|Energy|Supply|Electricity,,Emissions|CO2|Energy|Supply|Electricity|Coal,,3.666667
comm cooking,Emissions|CO2|Energy and Industrial Processes,Emissions|CO2|Energy,Emissions|CO2|Energy|Demand,Emissions|CO2|Energy|Demand|Residential and Commercial,Emissions|CO2|Energy|Demand|Residential and Commercial|Commercial,,,3.666667
comm hot water,Emissions|CO2|Energy and Industrial Processes,Emissions|CO2|Energy,Emissions|CO2|Energy|Demand,Emissions|CO2|Energy|Demand|Residential and Commercial,Emissions|CO2|Energy|Demand|Residential and Commercial|Commercial,,,3.666667
comm other,Emissions|CO2|Energy and Industrial Processes,Emissions|CO2|Energy,Emissions|CO2|Energy|Demand,Emissions|CO2|Energy|Demand|Residential and Commercial,Emissions|CO2|Energy|Demand|Residential and Commercial|Commercial,,,3.666667
process heat dac,Emissions|CO2|Energy and Industrial Processes,Emissions|CO2|Energy,Emissions|CO2|Energy|Demand,Emissions|CO2|Energy|Demand|Industry,Emissions|CO2|Energy|Demand|Industry|Other,,,3.666667
resid clothes dryers,Emissions|CO2|Energy and Industrial Processes,Emissions|CO2|Energy,Emissions|CO2|Energy|Demand,Emissions|CO2|Energy|Demand|Residential and Commercial,Emissions|CO2|Energy|Demand|Residential and Commercial|Residential,,,3.666667
resid cooking,Emissions|CO2|Energy and Industrial Processes,Emissions|CO2|Energy,Emissions|CO2|Energy|Demand,Emissions|CO2|Energy|Demand|Residential and Commercial,Emissions|CO2|Energy|Demand|Residential and Commercial|Residential,,,3.666667
resid hot water,Emissions|CO2|Energy and Industrial Processes,Emissions|CO2|Energy,Emissions|CO2|Energy|Demand,Emissions|CO2|Energy|Demand|Residential and Commercial,Emissions|CO2|Energy|Demand|Residential and Commercial|Residential,,,3.666667
resid other,Emissions|CO2|Energy and Industrial Processes,Emissions|CO2|Energy,Emissions|CO2|Energy|Demand,Emissions|CO2|Energy|Demand|Residential and Commercial,Emissions|CO2|Energy|Demand|Residential and Commercial|Residential,,,3.666667
elec_biomass (IGCC CCS),Emissions|CO2|Energy and Industrial Processes,Emissions|CO2|Energy,Emissions|CO2|Energy|Supply,Emissions|CO2|Energy|Supply|Electricity,,,,3.666667
elec_biomass (conv CCS),Emissions|CO2|Energy and Industrial Processes,Emissions|CO2|Energy,Emissions|CO2|Energy|Supply,Emissions|CO2|Energy|Supply|Electricity,,,,3.666667
elec_coal (IGCC CCS),Emissions|CO2|Energy and Industrial Processes,Emissions|CO2|Energy,Emissions|CO2|Energy|Supply,Emissions|CO2|Energy|Supply|Electricity,,,,3.666667
elec_coal (conv pul CCS),Emissions|CO2|Energy and Industrial Processes,Emissions|CO2|Energy,Emissions|CO2|Energy|Supply,Emissions|CO2|Energy|Supply|Electricity,,,,3.666667
elec_gas (CC CCS),Emissions|CO2|Energy and Industrial Processes,Emissions|CO2|Energy,Emissions|CO2|Energy|Supply,Emissions|CO2|Energy|Supply|Electricity,,,,3.666667
elec_refined liquids (CC CCS),Emissions|CO2|Energy and Industrial Processes,Emissions|CO2|Energy,Emissions|CO2|Energy|Supply,Emissions|CO2|Energy|Supply|Electricity,,,,3.666667
industrial energy use,Emissions|CO2|Energy and Industrial Processes,Emissions|CO2|Energy,Emissions|CO2|Energy|Demand,Emissions|CO2|Energy|Demand|Industry,Emissions|CO2|Energy|Demand|Industry|Other,,,3.666667
industrial feedstocks,Emissions|CO2|Energy and Industrial Processes,Emissions|CO2|Industrial Processes,,,,,,3.666667
unconventional oil production,Emissions|CO2|Energy and Industrial Processes,Emissions|CO2|Energy,Emissions|CO2|Energy|Supply,Emissions|CO2|Energy|Supply|Fugitive,,,,3.666667
base load generation,Emissions|CO2|Energy and Industrial Processes,Emissions|CO2|Energy,Emissions|CO2|Energy|Supply,Emissions|CO2|Energy|Supply|Electricity,,,,3.666667
intermediate generation,Emissions|CO2|Energy and Industrial Processes,Emissions|CO2|Energy,Emissions|CO2|Energy|Supply,Emissions|CO2|Energy|Supply|Electricity,,,,3.666667
peak generation,Emissions|CO2|Energy and Industrial Processes,Emissions|CO2|Energy,Emissions|CO2|Energy|Supply,Emissions|CO2|Energy|Supply|Electricity,,,,3.666667
subpeak generation,Emissions|CO2|Energy and Industrial Processes,Emissions|CO2|Energy,Emissions|CO2|Energy|Supply,Emissions|CO2|Energy|Supply|Electricity,,,,3.666667
resid_rural heating,Emissions|CO2|Energy and Industrial Processes,Emissions|CO2|Energy,Emissions|CO2|Energy|Demand,Emissions|CO2|Energy|Demand|Residential and Commercial,Emissions|CO2|Energy|Demand|Residential and Commercial|Residential,,,3.666667
resid_urban heating,Emissions|CO2|Energy and Industrial Processes,Emissions|CO2|Energy,Emissions|CO2|Energy|Demand,Emissions|CO2|Energy|Demand|Residential and Commercial,Emissions|CO2|Energy|Demand|Residential and Commercial|Residential,,,3.666667
resid_rural hot water_cooking,Emissions|CO2|Energy and Industrial Processes,Emissions|CO2|Energy,Emissions|CO2|Energy|Demand,Emissions|CO2|Energy|Demand|Residential and Commercial,Emissions|CO2|Energy|Demand|Residential and Commercial|Residential,,,3.666667
resid_urban hot water_cooking,Emissions|CO2|Energy and Industrial Processes,Emissions|CO2|Energy,Emissions|CO2|Energy|Demand,Emissions|CO2|Energy|Demand|Residential and Commercial,Emissions|CO2|Energy|Demand|Residential and Commercial|Residential,,,3.666667
comm hot water_cooking,Emissions|CO2|Energy and Industrial Processes,Emissions|CO2|Energy,Emissions|CO2|Energy|Demand,Emissions|CO2|Energy|Demand|Residential and Commercial,Emissions|CO2|Energy|Demand|Residential and Commercial|Commercial,,,3.666667
coke,Emissions|CO2|Energy and Industrial Processes,Emissions|CO2|Energy,Emissions|CO2|Energy|Demand,Emissions|CO2|Energy|Demand|Industry,Emissions|CO2|Energy|Demand|Industry|Iron and Steel,,,3.666667
H2 central production,Emissions|CO2|Energy and Industrial Processes,Emissions|CO2|Energy,Emissions|CO2|Energy|Supply,Emissions|CO2|Energy|Supply|Combustion,Emissions|CO2|Energy|Supply|Combustion|H2 central production,,,3.666667
H2 wholesale dispensing,Emissions|CO2|Energy and Industrial Processes,Emissions|CO2|Energy,Emissions|CO2|Energy|Supply,Emissions|CO2|Energy|Supply|Combustion,Emissions|CO2|Energy|Supply|Combustion|H2 wholesale dispensing,,,3.666667
H2 forecourt production,Emissions|CO2|Energy and Industrial Processes,Emissions|CO2|Energy,Emissions|CO2|Energy|Supply,Emissions|CO2|Energy|Supply|Combustion,Emissions|CO2|Energy|Supply|Combustion|H2 forecourt production,,,3.666667
gas pipeline,Emissions|CO2|Energy and Industrial Processes,Emissions|CO2|Energy,Emissions|CO2|Energy|Supply,Emissions|CO2|Energy|Supply|Combustion,Emissions|CO2|Energy|Supply|Combustion|gas pipeline,,,3.666667
gas processing,Emissions|CO2|Energy and Industrial Processes,Emissions|CO2|Energy,Emissions|CO2|Energy|Supply,Emissions|CO2|Energy|Supply|Combustion,Emissions|CO2|Energy|Supply|Combustion|gas processing,,,3.666667
delivered gas,Emissions|CO2|Energy and Industrial Processes,Emissions|CO2|Energy,Emissions|CO2|Energy|Supply,Emissions|CO2|Energy|Supply|Combustion,Emissions|CO2|Energy|Supply|Combustion|delivered gas,,,3.666667
wholesale gas,Emissions|CO2|Energy and Industrial Processes,Emissions|CO2|Energy,Emissions|CO2|Energy|Supply,Emissions|CO2|Energy|Supply|Combustion,Emissions|CO2|Energy|Supply|Combustion|wholesale gas,,,3.666667
refining,Emissions|CO2|Energy and Industrial Processes,Emissions|CO2|Energy,Emissions|CO2|Energy|Supply,Emissions|CO2|Energy|Supply|Combustion,Emissions|CO2|Energy|Supply|Combustion|refining,,,3.666667
refined liquids enduse,Emissions|CO2|Energy and Industrial Processes,Emissions|CO2|Energy,Emissions|CO2|Energy|Supply,Emissions|CO2|Energy|Supply|Combustion,Emissions|CO2|Energy|Supply|Combustion|refined liquids enduse,,,3.666667
refined liquids industrial,Emissions|CO2|Energy and Industrial Processes,Emissions|CO2|Energy,Emissions|CO2|Energy|Supply,Emissions|CO2|Energy|Supply|Combustion,Emissions|CO2|Energy|Supply|Combustion|refined liquids industrial,,,3.666667
delivered biomass,Emissions|CO2|Energy and Industrial Processes,Emissions|CO2|Energy,Emissions|CO2|Energy|Supply,Emissions|CO2|Energy|Supply|Combustion,Emissions|CO2|Energy|Supply|Combustion|delivered biomass,,,3.666667
desalinated water,Emissions|CO2|Energy and Industrial Processes,Emissions|CO2|Energy,Emissions|CO2|Energy|Supply,Emissions|CO2|Energy|Supply|Combustion,Emissions|CO2|Energy|Supply|Combustion|desalinated water,,,3.666667
biomass liquids,Emissions|CO2|Energy and Industrial Processes,Emissions|CO2|Energy,Emissions|CO2|Energy|Supply,Emissions|CO2|Energy|Supply|Combustion,Emissions|CO2|Energy|Supply|Combustion|biomass liquids,,,3.666667
coal to liquids,Emissions|CO2|Energy and Industrial Processes,Emissions|CO2|Energy,Emissions|CO2|Energy|Supply,Emissions|CO2|Energy|Supply|Combustion,Emissions|CO2|Energy|Supply|Combustion|coal to liquids,,,3.666667
gas to liquids,Emissions|CO2|Energy and Industrial Processes,Emissions|CO2|Energy,Emissions|CO2|Energy|Supply,Emissions|CO2|Energy|Supply|Combustion,Emissions|CO2|Energy|Supply|Combustion|gas to liquids,,,3.666667
oil refining,Emissions|CO2|Energy and Industrial Processes,Emissions|CO2|Energy,Emissions|CO2|Energy|Supply,Emissions|CO2|Energy|Supply|Combustion,Emissions|CO2|Energy|Supply|Combustion|oil refining,,,3.666667
regional biomass,Emissions|CO2|Energy and Industrial Processes,Emissions|CO2|Energy,Emissions|CO2|Energy|Supply,Emissions|CO2|Energy|Supply|Combustion,Emissions|CO2|Energy|Supply|Combustion|regional biomass,,,3.666667
regional biomassOil,Emissions|CO2|Energy and Industrial Processes,Emissions|CO2|Energy,Emissions|CO2|Energy|Supply,Emissions|CO2|Energy|Supply|Combustion,Emissions|CO2|Energy|Supply|Combustion|regional biomassOil,,,3.666667
regional corn for ethanol,Emissions|CO2|Energy and Industrial Processes,Emissions|CO2|Energy,Emissions|CO2|Energy|Supply,Emissions|CO2|Energy|Supply|Combustion,Emissions|CO2|Energy|Supply|Combustion|regional corn for ethanol,,,3.666667
regional sugar for ethanol,Emissions|CO2|Energy and Industrial Processes,Emissions|CO2|Energy,Emissions|CO2|Energy|Supply,Emissions|CO2|Energy|Supply|Combustion,Emissions|CO2|Energy|Supply|Combustion|regional sugar for ethanol,,,3.666667
delivered coal,Emissions|CO2|Energy and Industrial Processes,Emissions|CO2|Energy,Emissions|CO2|Energy|Supply,Emissions|CO2|Energy|Supply|Combustion,Emissions|CO2|Energy|Supply|Combustion|delivered coal,,,3.666667
regional coal,Emissions|CO2|Energy and Industrial Processes,Emissions|CO2|Energy,Emissions|CO2|Energy|Supply,Emissions|CO2|Energy|Supply|Combustion,Emissions|CO2|Energy|Supply|Combustion|regional coal,,,3.666667
regional natural gas,Emissions|CO2|Energy and Industrial Processes,Emissions|CO2|Energy,Emissions|CO2|Energy|Supply,Emissions|CO2|Energy|Supply|Combustion,Emissions|CO2|Energy|Supply|Combustion|regional natural gas,,,3.666667
regional oil,Emissions|CO2|Energy and Industrial Processes,Emissions|CO2|Energy,Emissions|CO2|Energy|Supply,Emissions|CO2|Energy|Supply|Combustion,Emissions|CO2|Energy|Supply|Combustion|regional oil,,,3.666667
ammonia,Emissions|CO2|Energy and Industrial Processes,Emissions|CO2|Energy,Emissions|CO2|Energy|Demand,Emissions|CO2|Energy|Demand|Industry,Emissions|CO2|Energy|Demand|Industry|Chemicals,,,3.666667
resid_rural heating modern_d1,Emissions|CO2|Energy and Industrial Processes,Emissions|CO2|Energy,Emissions|CO2|Energy|Demand,Emissions|CO2|Energy|Demand|Residential and Commercial,Emissions|CO2|Energy|Demand|Residential and Commercial|Residential,,,3.666667
resid_rural heating modern_d2,Emissions|CO2|Energy and Industrial Processes,Emissions|CO2|Energy,Emissions|CO2|Energy|Demand,Emissions|CO2|Energy|Demand|Residential and Commercial,Emissions|CO2|Energy|Demand|Residential and Commercial|Residential,,,3.666667
resid_rural heating modern_d3,Emissions|CO2|Energy and Industrial Processes,Emissions|CO2|Energy,Emissions|CO2|Energy|Demand,Emissions|CO2|Energy|Demand|Residential and Commercial,Emissions|CO2|Energy|Demand|Residential and Commercial|Residential,,,3.666667
resid_rural heating modern_d4,Emissions|CO2|Energy and Industrial Processes,Emissions|CO2|Energy,Emissions|CO2|Energy|Demand,Emissions|CO2|Energy|Demand|Residential and Commercial,Emissions|CO2|Energy|Demand|Residential and Commercial|Residential,,,3.666667
resid_rural heating modern_d5,Emissions|CO2|Energy and Industrial Processes,Emissions|CO2|Energy,Emissions|CO2|Energy|Demand,Emissions|CO2|Energy|Demand|Residential and Commercial,Emissions|CO2|Energy|Demand|Residential and Commercial|Residential,,,3.666667
resid_rural heating modern_d6,Emissions|CO2|Energy and Industrial Processes,Emissions|CO2|Energy,Emissions|CO2|Energy|Demand,Emissions|CO2|Energy|Demand|Residential and Commercial,Emissions|CO2|Energy|Demand|Residential and Commercial|Residential,,,3.666667
resid_rural heating modern_d7,Emissions|CO2|Energy and Industrial Processes,Emissions|CO2|Energy,Emissions|CO2|Energy|Demand,Emissions|CO2|Energy|Demand|Residential and Commercial,Emissions|CO2|Energy|Demand|Residential and Commercial|Residential,,,3.666667
resid_rural heating modern_d8,Emissions|CO2|Energy and Industrial Processes,Emissions|CO2|Energy,Emissions|CO2|Energy|Demand,Emissions|CO2|Energy|Demand|Residential and Commercial,Emissions|CO2|Energy|Demand|Residential and Commercial|Residential,,,3.666667
resid_rural heating modern_d9,Emissions|CO2|Energy and Industrial Processes,Emissions|CO2|Energy,Emissions|CO2|Energy|Demand,Emissions|CO2|Energy|Demand|Residential and Commercial,Emissions|CO2|Energy|Demand|Residential and Commercial|Residential,,,3.666667
resid_rural heating modern_d10,Emissions|CO2|Energy and Industrial Processes,Emissions|CO2|Energy,Emissions|CO2|Energy|Demand,Emissions|CO2|Energy|Demand|Residential and Commercial,Emissions|CO2|Energy|Demand|Residential and Commercial|Residential,,,3.666667
resid_rural hot water_cooking modern_d1,Emissions|CO2|Energy and Industrial Processes,Emissions|CO2|Energy,Emissions|CO2|Energy|Demand,Emissions|CO2|Energy|Demand|Residential and Commercial,Emissions|CO2|Energy|Demand|Residential and Commercial|Residential,,,3.666667
resid_rural hot water_cooking modern_d2,Emissions|CO2|Energy and Industrial Processes,Emissions|CO2|Energy,Emissions|CO2|Energy|Demand,Emissions|CO2|Energy|Demand|Residential and Commercial,Emissions|CO2|Energy|Demand|Residential and Commercial|Residential,,,3.666667
resid_rural hot water_cooking modern_d3,Emissions|CO2|Energy and Industrial Processes,Emissions|CO2|Energy,Emissions|CO2|Energy|Demand,Emissions|CO2|Energy|Demand|Residential and Commercial,Emissions|CO2|Energy|Demand|Residential and Commercial|Residential,,,3.666667
resid_rural hot water_cooking modern_d4,Emissions|CO2|Energy and Industrial Processes,Emissions|CO2|Energy,Emissions|CO2|Energy|Demand,Emissions|CO2|Energy|Demand|Residential and Commercial,Emissions|CO2|Energy|Demand|Residential and Commercial|Residential,,,3.666667
resid_rural hot water_cooking modern_d5,Emissions|CO2|Energy and Industrial Processes,Emissions|CO2|Energy,Emissions|CO2|Energy|Demand,Emissions|CO2|Energy|Demand|Residential and Commercial,Emissions|CO2|Energy|Demand|Residential and Commercial|Residential,,,3.666667
resid_rural hot water_cooking modern_d6,Emissions|CO2|Energy and Industrial Processes,Emissions|CO2|Energy,Emissions|CO2|Energy|Demand,Emissions|CO2|Energy|Demand|Residential and Commercial,Emissions|CO2|Energy|Demand|Residential and Commercial|Residential,,,3.666667
resid_rural hot water_cooking modern_d7,Emissions|CO2|Energy and Industrial Processes,Emissions|CO2|Energy,Emissions|CO2|Energy|Demand,Emissions|CO2|Energy|Demand|Residential and Commercial,Emissions|CO2|Energy|Demand|Residential and Commercial|Residential,,,3.666667
resid_rural hot water_cooking modern_d8,Emissions|CO2|Energy and Industrial Processes,Emissions|CO2|Energy,Emissions|CO2|Energy|Demand,Emissions|CO2|Energy|Demand|Residential and Commercial,Emissions|CO2|Energy|Demand|Residential and Commercial|Residential,,,3.666667
resid_rural hot water_cooking modern_d9,Emissions|CO2|Energy and Industrial Processes,Emissions|CO2|Energy,Emissions|CO2|Energy|Demand,Emissions|CO2|Energy|Demand|Residential and Commercial,Emissions|CO2|Energy|Demand|Residential and Commercial|Residential,,,3.666667
resid_rural hot water_cooking modern_d10,Emissions|CO2|Energy and Industrial Processes,Emissions|CO2|Energy,Emissions|CO2|Energy|Demand,Emissions|CO2|Energy|Demand|Residential and Commercial,Emissions|CO2|Energy|Demand|Residential and Commercial|Residential,,,3.666667
resid_urban heating modern_d1,Emissions|CO2|Energy and Industrial Processes,Emissions|CO2|Energy,Emissions|CO2|Energy|Demand,Emissions|CO2|Energy|Demand|Residential and Commercial,Emissions|CO2|Energy|Demand|Residential and Commercial|Residential,,,3.666667
resid_urban heating modern_d2,Emissions|CO2|Energy and Industrial Processes,Emissions|CO2|Energy,Emissions|CO2|Energy|Demand,Emissions|CO2|Energy|Demand|Residential and Commercial,Emissions|CO2|Energy|Demand|Residential and Commercial|Residential,,,3.666667
resid_urban heating modern_d3,Emissions|CO2|Energy and Industrial Processes,Emissions|CO2|Energy,Emissions|CO2|Energy|Demand,Emissions|CO2|Energy|Demand|Residential and Commercial,Emissions|CO2|Energy|Demand|Residential and Commercial|Residential,,,3.666667
resid_urban heating modern_d4,Emissions|CO2|Energy and Industrial Processes,Emissions|CO2|Energy,Emissions|CO2|Energy|Demand,Emissions|CO2|Energy|Demand|Residential and Commercial,Emissions|CO2|Energy|Demand|Residential and Commercial|Residential,,,3.666667
resid_urban heating modern_d5,Emissions|CO2|Energy and Industrial Processes,Emissions|CO2|Energy,Emissions|CO2|Energy|Demand,Emissions|CO2|Energy|Demand|Residential and Commercial,Emissions|CO2|Energy|Demand|Residential and Commercial|Residential,,,3.666667
resid_urban heating modern_d6,Emissions|CO2|Energy and Industrial Processes,Emissions|CO2|Energy,Emissions|CO2|Energy|Demand,Emissions|CO2|Energy|Demand|Residential and Commercial,Emissions|CO2|Energy|Demand|Residential and Commercial|Residential,,,3.666667
resid_urban heating modern_d7,Emissions|CO2|Energy and Industrial Processes,Emissions|CO2|Energy,Emissions|CO2|Energy|Demand,Emissions|CO2|Energy|Demand|Residential and Commercial,Emissions|CO2|Energy|Demand|Residential and Commercial|Residential,,,3.666667
resid_urban heating modern_d8,Emissions|CO2|Energy and Industrial Processes,Emissions|CO2|Energy,Emissions|CO2|Energy|Demand,Emissions|CO2|Energy|Demand|Residential and Commercial,Emissions|CO2|Energy|Demand|Residential and Commercial|Residential,,,3.666667
resid_urban heating modern_d9,Emissions|CO2|Energy and Industrial Processes,Emissions|CO2|Energy,Emissions|CO2|Energy|Demand,Emissions|CO2|Energy|Demand|Residential and Commercial,Emissions|CO2|Energy|Demand|Residential and Commercial|Residential,,,3.666667
resid_urban heating modern_d10,Emissions|CO2|Energy and Industrial Processes,Emissions|CO2|Energy,Emissions|CO2|Energy|Demand,Emissions|CO2|Energy|Demand|Residential and Commercial,Emissions|CO2|Energy|Demand|Residential and Commercial|Residential,,,3.666667
resid_urban hot water_cooking modern_d1,Emissions|CO2|Energy and Industrial Processes,Emissions|CO2|Energy,Emissions|CO2|Energy|Demand,Emissions|CO2|Energy|Demand|Residential and Commercial,Emissions|CO2|Energy|Demand|Residential and Commercial|Residential,,,3.666667
resid_urban hot water_cooking modern_d2,Emissions|CO2|Energy and Industrial Processes,Emissions|CO2|Energy,Emissions|CO2|Energy|Demand,Emissions|CO2|Energy|Demand|Residential and Commercial,Emissions|CO2|Energy|Demand|Residential and Commercial|Residential,,,3.666667
resid_urban hot water_cooking modern_d3,Emissions|CO2|Energy and Industrial Processes,Emissions|CO2|Energy,Emissions|CO2|Energy|Demand,Emissions|CO2|Energy|Demand|Residential and Commercial,Emissions|CO2|Energy|Demand|Residential and Commercial|Residential,,,3.666667
resid_urban hot water_cooking modern_d4,Emissions|CO2|Energy and Industrial Processes,Emissions|CO2|Energy,Emissions|CO2|Energy|Demand,Emissions|CO2|Energy|Demand|Residential and Commercial,Emissions|CO2|Energy|Demand|Residential and Commercial|Residential,,,3.666667
resid_urban hot water_cooking modern_d5,Emissions|CO2|Energy and Industrial Processes,Emissions|CO2|Energy,Emissions|CO2|Energy|Demand,Emissions|CO2|Energy|Demand|Residential and Commercial,Emissions|CO2|Energy|Demand|Residential and Commercial|Residential,,,3.666667
resid_urban hot water_cooking modern_d6,Emissions|CO2|Energy and Industrial Processes,Emissions|CO2|Energy,Emissions|CO2|Energy|Demand,Emissions|CO2|Energy|Demand|Residential and Commercial,Emissions|CO2|Energy|Demand|Residential and Commercial|Residential,,,3.666667
resid_urban hot water_cooking modern_d7,Emissions|CO2|Energy and Industrial Processes,Emissions|CO2|Energy,Emissions|CO2|Energy|Demand,Emissions|CO2|Energy|Demand|Residential and Commercial,Emissions|CO2|Energy|Demand|Residential and Commercial|Residential,,,3.666667
resid_urban hot water_cooking modern_d8,Emissions|CO2|Energy and Industrial Processes,Emissions|CO2|Energy,Emissions|CO2|Energy|Demand,Emissions|CO2|Energy|Demand|Residential and Commercial,Emissions|CO2|Energy|Demand|Residential and Commercial|Residential,,,3.666667
resid_urban hot water_cooking modern_d9,Emissions|CO2|Energy and Industrial Processes,Emissions|CO2|Energy,Emissions|CO2|Energy|Demand,Emissions|CO2|Energy|Demand|Residential and Commercial,Emissions|CO2|Energy|Demand|Residential and Commercial|Residential,,,3.666667
resid_urban hot water_cooking modern_d10,Emissions|CO2|Energy and Industrial Processes,Emissions|CO2|Energy,Emissions|CO2|Energy|Demand,Emissions|CO2|Energy|Demand|Residential and Commercial,Emissions|CO2|Energy|Demand|Residential and Commercial|Residential,,,3.666667
