# Multiple load segments Electricity generation by technology (inc solar roofs),,,,,,,,,,
sector,subsector,technology,var1,var2,var3,var4,var6,var7,var8,unit_conv
base load generation,biomass,biomass_base_conv,Secondary Energy|Electricity,Secondary Energy|Electricity|Biomass,Secondary Energy|Electricity|Biomass|w/o CCS,,,,,1
base load generation,biomass,biomass_base_IGCC,Secondary Energy|Electricity,Secondary Energy|Electricity|Biomass,Secondary Energy|Electricity|Biomass|w/o CCS,,,,,1
base load generation,coal,coal_base_conv pul,Secondary Energy|Electricity,Secondary Energy|Electricity|Coal,Secondary Energy|Electricity|Coal|w/o CCS,,,,,1
base load generation,coal,coal_base_IGCC,Secondary Energy|Electricity,Secondary Energy|Electricity|Coal,Secondary Energy|Electricity|Coal|w/o CCS,,,,,1
base load generation,gas,gas_base_CC,Secondary Energy|Electricity,Secondary Energy|Electricity|Gas,Secondary Energy|Electricity|Gas|w/o CCS,Secondary Energy|Electricity|Gas|CC,Secondary Energy|Electricity|Gas|CC|w/o CCS,,,1
base load generation,hydro,hydro_base,Secondary Energy|Electricity,Secondary Energy|Electricity|Hydro,,Secondary Energy|Electricity|Non-Biomass Renewables,,,,1
base load generation,refined liquids,refined liquids_base_steam/CT,Secondary Energy|Electricity,Secondary Energy|Electricity|Oil,Secondary Energy|Electricity|Oil|w/o CCS,,,,,1
base load generation,solar,CSP_base_storage,Secondary Energy|Electricity,Secondary Energy|Electricity|Solar,Secondary Energy|Electricity|Solar|CSP,Secondary Energy|Electricity|Non-Biomass Renewables,,,,1
base load generation,solar,PV_base_storage,Secondary Energy|Electricity,Secondary Energy|Electricity|Solar,Secondary Energy|Electricity|Solar|PV,Secondary Energy|Electricity|Non-Biomass Renewables,,,,1
base load generation,wind,wind_base,Secondary Energy|Electricity,Secondary Energy|Electricity|Wind,Secondary Energy|Electricity|Wind|Onshore,Secondary Energy|Electricity|Non-Biomass Renewables,,,,1
base load generation,wind,wind_base_offshore,Secondary Energy|Electricity,Secondary Energy|Electricity|Wind,Secondary Energy|Electricity|Wind|Offshore,Secondary Energy|Electricity|Non-Biomass Renewables,,,,1
base load generation,wind,wind_base_storage,Secondary Energy|Electricity,Secondary Energy|Electricity|Wind,Secondary Energy|Electricity|Wind|Onshore,Secondary Energy|Electricity|Non-Biomass Renewables,,,,1
elect_td_bld,rooftop_pv,rooftop_pv,Secondary Energy|Electricity,Secondary Energy|Electricity|Solar,Secondary Energy|Electricity|Solar|PV,Secondary Energy|Electricity|Non-Biomass Renewables,,,,1
intermediate generation,biomass,biomass_int_conv,Secondary Energy|Electricity,Secondary Energy|Electricity|Biomass,Secondary Energy|Electricity|Biomass|w/o CCS,,,,,1
intermediate generation,biomass,biomass_int_IGCC,Secondary Energy|Electricity,Secondary Energy|Electricity|Biomass,Secondary Energy|Electricity|Biomass|w/o CCS,,,,,1
intermediate generation,coal,coal_int_conv pul,Secondary Energy|Electricity,Secondary Energy|Electricity|Coal,Secondary Energy|Electricity|Coal|w/o CCS,,,,,1
intermediate generation,coal,coal_int_IGCC,Secondary Energy|Electricity,Secondary Energy|Electricity|Coal,Secondary Energy|Electricity|Coal|w/o CCS,,,,,1
intermediate generation,gas,gas_int_CC,Secondary Energy|Electricity,Secondary Energy|Electricity|Gas,Secondary Energy|Electricity|Gas|w/o CCS,Secondary Energy|Electricity|Gas|CC,Secondary Energy|Electricity|Gas|CC|w/o CCS,,,1
intermediate generation,hydro,hydro_int,Secondary Energy|Electricity,Secondary Energy|Electricity|Hydro,,Secondary Energy|Electricity|Non-Biomass Renewables,,,,1
intermediate generation,refined liquids,refined liquids_int_steam/CT,Secondary Energy|Electricity,Secondary Energy|Electricity|Oil,Secondary Energy|Electricity|Oil|w/o CCS,,,,,1
intermediate generation,solar,CSP_int,Secondary Energy|Electricity,Secondary Energy|Electricity|Solar,Secondary Energy|Electricity|Solar|CSP,Secondary Energy|Electricity|Non-Biomass Renewables,,,,1
intermediate generation,solar,PV_int,Secondary Energy|Electricity,Secondary Energy|Electricity|Solar,Secondary Energy|Electricity|Solar|PV,Secondary Energy|Electricity|Non-Biomass Renewables,,,,1
intermediate generation,wind,wind_int,Secondary Energy|Electricity,Secondary Energy|Electricity|Wind,Secondary Energy|Electricity|Wind|Onshore,Secondary Energy|Electricity|Non-Biomass Renewables,,,,1
peak generation,coal,coal_peak_conv pul,Secondary Energy|Electricity,Secondary Energy|Electricity|Coal,Secondary Energy|Electricity|Coal|w/o CCS,,,,,1
peak generation,gas,gas_peak_CC,Secondary Energy|Electricity,Secondary Energy|Electricity|Gas,Secondary Energy|Electricity|Gas|w/o CCS,Secondary Energy|Electricity|Gas|CC,Secondary Energy|Electricity|Gas|CC|w/o CCS,,,1
peak generation,gas,gas_peak_steam/CT,Secondary Energy|Electricity,Secondary Energy|Electricity|Gas,Secondary Energy|Electricity|Gas|w/o CCS,Secondary Energy|Electricity|Gas|ST,Secondary Energy|Electricity|Gas|ST|w/o CCS,,,1
peak generation,grid_storage,battery,,,,,,,,0
peak generation,solar,CSP_peak,Secondary Energy|Electricity,Secondary Energy|Electricity|Solar,Secondary Energy|Electricity|Solar|CSP,Secondary Energy|Electricity|Non-Biomass Renewables,,,,1
peak generation,solar,PV_peak,Secondary Energy|Electricity,Secondary Energy|Electricity|Solar,Secondary Energy|Electricity|Solar|PV,Secondary Energy|Electricity|Non-Biomass Renewables,,,,1
subpeak generation,coal,coal_subpeak_conv pul,Secondary Energy|Electricity,Secondary Energy|Electricity|Coal,Secondary Energy|Electricity|Coal|w/o CCS,,,,,1
subpeak generation,gas,gas_subpeak_CC,Secondary Energy|Electricity,Secondary Energy|Electricity|Gas,Secondary Energy|Electricity|Gas|w/o CCS,Secondary Energy|Electricity|Gas|CC,Secondary Energy|Electricity|Gas|CC|w/o CCS,,,1
subpeak generation,gas,gas_subpeak_steam/CT,Secondary Energy|Electricity,Secondary Energy|Electricity|Gas,Secondary Energy|Electricity|Gas|w/o CCS,Secondary Energy|Electricity|Gas|ST,Secondary Energy|Electricity|Gas|ST|w/o CCS,,,1
subpeak generation,refined liquids,refined liquids_subpeak_steam/CT,Secondary Energy|Electricity,Secondary Energy|Electricity|Oil,Secondary Energy|Electricity|Oil|w/o CCS,,,,,1
subpeak generation,solar,CSP_subpeak,Secondary Energy|Electricity,Secondary Energy|Electricity|Solar,Secondary Energy|Electricity|Solar|CSP,Secondary Energy|Electricity|Non-Biomass Renewables,,,,1
subpeak generation,solar,PV_subpeak,Secondary Energy|Electricity,Secondary Energy|Electricity|Solar,Secondary Energy|Electricity|Solar|PV,Secondary Energy|Electricity|Non-Biomass Renewables,,,,1
subpeak generation,wind,wind_subpeak,Secondary Energy|Electricity,Secondary Energy|Electricity|Wind,Secondary Energy|Electricity|Wind|Onshore,Secondary Energy|Electricity|Non-Biomass Renewables,,,,1
base load generation,geothermal,geo_base,Secondary Energy|Electricity,Secondary Energy|Electricity|Geothermal,,Secondary Energy|Electricity|Non-Biomass Renewables,,,,1
peak generation,refined liquids,refined liquids_peak_steam/CT,Secondary Energy|Electricity,Secondary Energy|Electricity|Oil,Secondary Energy|Electricity|Oil|w/o CCS,,,,,1
base load generation,nuclear,nuc_base_Gen II,Secondary Energy|Electricity,Secondary Energy|Electricity|Nuclear,,,,,,1
base load generation,nuclear,nuc_base_Gen III,Secondary Energy|Electricity,Secondary Energy|Electricity|Nuclear,,,,,,1
base load generation,biomass,biomass_base_conv_CCS,Secondary Energy|Electricity,Secondary Energy|Electricity|Biomass,Secondary Energy|Electricity|Biomass|w/ CCS,,,,,1
base load generation,biomass,biomass_base_IGCC_CCS,Secondary Energy|Electricity,Secondary Energy|Electricity|Biomass,Secondary Energy|Electricity|Biomass|w/ CCS,,,,,1
base load generation,coal,coal_base_conv pul_CCS,Secondary Energy|Electricity,Secondary Energy|Electricity|Coal,Secondary Energy|Electricity|Coal|w/ CCS,,,,,1
base load generation,coal,coal_base_IGCC_CCS,Secondary Energy|Electricity,Secondary Energy|Electricity|Coal,Secondary Energy|Electricity|Coal|w/ CCS,,,,,1
base load generation,gas,gas_base_CC_CCS,Secondary Energy|Electricity,Secondary Energy|Electricity|Gas,Secondary Energy|Electricity|Gas|w/ CCS,Secondary Energy|Electricity|Gas|CC,Secondary Energy|Electricity|Gas|CC|w/ CCS,,,1
intermediate generation,biomass,biomass_int_conv_CCS,Secondary Energy|Electricity,Secondary Energy|Electricity|Biomass,Secondary Energy|Electricity|Biomass|w/ CCS,,,,,1
intermediate generation,biomass,biomass_int_IGCC_CCS,Secondary Energy|Electricity,Secondary Energy|Electricity|Biomass,Secondary Energy|Electricity|Biomass|w/ CCS,,,,,1
intermediate generation,coal,coal_int_conv pul_CCS,Secondary Energy|Electricity,Secondary Energy|Electricity|Coal,Secondary Energy|Electricity|Coal|w/ CCS,,,,,1
intermediate generation,coal,coal_int_IGCC_CCS,Secondary Energy|Electricity,Secondary Energy|Electricity|Coal,Secondary Energy|Electricity|Coal|w/ CCS,,,,,1
intermediate generation,gas,gas_int_CC_CCS,Secondary Energy|Electricity,Secondary Energy|Electricity|Gas,Secondary Energy|Electricity|Gas|w/ CCS,Secondary Energy|Electricity|Gas|CC,Secondary Energy|Electricity|Gas|CC|w/ CCS,,,1
subpeak generation,gas,gas_subpeak_CC_CCS,Secondary Energy|Electricity,Secondary Energy|Electricity|Gas,Secondary Energy|Electricity|Gas|w/ CCS,Secondary Energy|Electricity|Gas|CC,Secondary Energy|Electricity|Gas|CC|w/ CCS,,,1
peak generation,gas,gas_peak_CC_CCS,Secondary Energy|Electricity,Secondary Energy|Electricity|Gas,Secondary Energy|Electricity|Gas|w/ CCS,Secondary Energy|Electricity|Gas|CC,Secondary Energy|Electricity|Gas|CC|w/ CCS,,,1
,biomass,biomass (conv CCS),Secondary Energy|Electricity,Secondary Energy|Electricity|Biomass,Secondary Energy|Electricity|Biomass|w/ CCS,,,,,
,biomass,biomass (conv),Secondary Energy|Electricity,Secondary Energy|Electricity|Biomass,Secondary Energy|Electricity|Biomass|w/o CCS,,,,,
,biomass,biomass (IGCC CCS),Secondary Energy|Electricity,Secondary Energy|Electricity|Biomass,Secondary Energy|Electricity|Biomass|w/ CCS,,,,,
,biomass,biomass (IGCC),Secondary Energy|Electricity,Secondary Energy|Electricity|Biomass,Secondary Energy|Electricity|Biomass|w/o CCS,,,,,
,coal,coal (conv pul CCS),Secondary Energy|Electricity,Secondary Energy|Electricity|Coal,Secondary Energy|Electricity|Coal|w/ CCS,,,,,
,coal,coal (conv pul),Secondary Energy|Electricity,Secondary Energy|Electricity|Coal,Secondary Energy|Electricity|Coal|w/o CCS,,,,,
,coal,coal (IGCC CCS),Secondary Energy|Electricity,Secondary Energy|Electricity|Coal,Secondary Energy|Electricity|Coal|w/ CCS,,,,,
,coal,coal (IGCC),Secondary Energy|Electricity,Secondary Energy|Electricity|Coal,Secondary Energy|Electricity|Coal|w/o CCS,,,,,
,gas,gas (CC CCS),Secondary Energy|Electricity,Secondary Energy|Electricity|Gas,Secondary Energy|Electricity|Gas|w/ CCS,Secondary Energy|Electricity|Gas|CC,Secondary Energy|Electricity|Gas|CC|w/ CCS,,,
,gas,gas (CC),Secondary Energy|Electricity,Secondary Energy|Electricity|Gas,Secondary Energy|Electricity|Gas|w/o CCS,Secondary Energy|Electricity|Gas|CC,Secondary Energy|Electricity|Gas|CC|w/o CCS,,,
,gas,gas (steam/CT),Secondary Energy|Electricity,Secondary Energy|Electricity|Gas,Secondary Energy|Electricity|Gas|w/o CCS,Secondary Energy|Electricity|Gas|ST,Secondary Energy|Electricity|Gas|ST|w/o CCS,,,
,geothermal,geothermal,Secondary Energy|Electricity,Secondary Energy|Electricity|Geothermal,,Secondary Energy|Electricity|Non-Biomass Renewables,,,,
,nuclear,Gen_II_LWR,Secondary Energy|Electricity,Secondary Energy|Electricity|Nuclear,,,,,,
,nuclear,Gen_III,Secondary Energy|Electricity,Secondary Energy|Electricity|Nuclear,,,,,,
,refined liquids,refined liquids (CC CCS),Secondary Energy|Electricity,Secondary Energy|Electricity|Oil,Secondary Energy|Electricity|Oil|w/ CCS,,,,,
,refined liquids,refined liquids (CC),Secondary Energy|Electricity,Secondary Energy|Electricity|Oil,Secondary Energy|Electricity|Oil|w/o CCS,,,,,
,refined liquids,refined liquids (steam/CT),Secondary Energy|Electricity,Secondary Energy|Electricity|Oil,Secondary Energy|Electricity|Oil|w/o CCS,,,,,
,solar,CSP_storage,Secondary Energy|Electricity,Secondary Energy|Electricity|Solar,Secondary Energy|Electricity|Solar|CSP,Secondary Energy|Electricity|Non-Biomass Renewables,,,,
,solar,PV_storage,Secondary Energy|Electricity,Secondary Energy|Electricity|Solar,Secondary Energy|Electricity|Solar|PV,Secondary Energy|Electricity|Non-Biomass Renewables,,,,
,wind,wind_storage,Secondary Energy|Electricity,Secondary Energy|Electricity|Wind,Secondary Energy|Electricity|Wind|Onshore,Secondary Energy|Electricity|Non-Biomass Renewables,,,,
,solar,CSP,Secondary Energy|Electricity,Secondary Energy|Electricity|Solar,Secondary Energy|Electricity|Solar|CSP,Secondary Energy|Electricity|Non-Biomass Renewables,,,,
,solar,PV,Secondary Energy|Electricity,Secondary Energy|Electricity|Solar,Secondary Energy|Electricity|Solar|PV,Secondary Energy|Electricity|Non-Biomass Renewables,,,,
,wind,wind,Secondary Energy|Electricity,Secondary Energy|Electricity|Wind,Secondary Energy|Electricity|Wind|Onshore,Secondary Energy|Electricity|Non-Biomass Renewables,,,,
,wind,wind_offshore,Secondary Energy|Electricity,Secondary Energy|Electricity|Wind,Secondary Energy|Electricity|Wind|Offshore,Secondary Energy|Electricity|Non-Biomass Renewables,,,,
