,new,1975,1990,2005,2010,2015,2020,2025,2030,2035,2040,2045,2050,2055,2060,2065,2070,2075,2080,2085,2090,2095,2100,region,technology,province.name,input
6,AH_wind_offshore,0.4,0.4,0.4,0.4,0.4,0.4,0.4,0.4,0.4,0.4,0.4,0.4,0.4,0.4,0.4,0.4,0.4,0.4,0.4,0.4,0.4,0.4,AH,wind_offshore,,CF
7,AH_wind_storage,0.38,0.38,0.38,0.38,0.38,0.38,0.38,0.38,0.38,0.38,0.38,0.38,0.38,0.38,0.38,0.38,0.38,0.38,0.38,0.38,0.38,0.38,AH,wind_storage,,CF
14,BJ_wind_offshore,0.4,0.4,0.4,0.4,0.4,0.4,0.4,0.4,0.4,0.4,0.4,0.4,0.4,0.4,0.4,0.4,0.4,0.4,0.4,0.4,0.4,0.4,BJ,wind_offshore,,CF
15,BJ_wind_storage,0.38,0.38,0.38,0.38,0.38,0.38,0.38,0.38,0.38,0.38,0.38,0.38,0.38,0.38,0.38,0.38,0.38,0.38,0.38,0.38,0.38,0.38,BJ,wind_storage,,CF
22,CQ_wind_offshore,0.4,0.4,0.4,0.4,0.4,0.4,0.4,0.4,0.4,0.4,0.4,0.4,0.4,0.4,0.4,0.4,0.4,0.4,0.4,0.4,0.4,0.4,CQ,wind_offshore,,CF
23,CQ_wind_storage,0.38,0.38,0.38,0.38,0.38,0.38,0.38,0.38,0.38,0.38,0.38,0.38,0.38,0.38,0.38,0.38,0.38,0.38,0.38,0.38,0.38,0.38,CQ,wind_storage,,CF
30,FJ_wind_offshore,0.4,0.4,0.4,0.4,0.4,0.4,0.4,0.4,0.4,0.4,0.4,0.4,0.4,0.4,0.4,0.4,0.4,0.4,0.4,0.4,0.4,0.4,FJ,wind_offshore,,CF
31,FJ_wind_storage,0.38,0.38,0.38,0.38,0.38,0.38,0.38,0.38,0.38,0.38,0.38,0.38,0.38,0.38,0.38,0.38,0.38,0.38,0.38,0.38,0.38,0.38,FJ,wind_storage,,CF
38,GD_wind_offshore,0.4,0.4,0.4,0.4,0.4,0.4,0.4,0.4,0.4,0.4,0.4,0.4,0.4,0.4,0.4,0.4,0.4,0.4,0.4,0.4,0.4,0.4,GD,wind_offshore,,CF
39,GD_wind_storage,0.38,0.38,0.38,0.38,0.38,0.38,0.38,0.38,0.38,0.38,0.38,0.38,0.38,0.38,0.38,0.38,0.38,0.38,0.38,0.38,0.38,0.38,GD,wind_storage,,CF
46,GS_wind_offshore,0.4,0.4,0.4,0.4,0.4,0.4,0.4,0.4,0.4,0.4,0.4,0.4,0.4,0.4,0.4,0.4,0.4,0.4,0.4,0.4,0.4,0.4,GS,wind_offshore,,CF
47,GS_wind_storage,0.38,0.38,0.38,0.38,0.38,0.38,0.38,0.38,0.38,0.38,0.38,0.38,0.38,0.38,0.38,0.38,0.38,0.38,0.38,0.38,0.38,0.38,GS,wind_storage,,CF
54,GX_wind_offshore,0.4,0.4,0.4,0.4,0.4,0.4,0.4,0.4,0.4,0.4,0.4,0.4,0.4,0.4,0.4,0.4,0.4,0.4,0.4,0.4,0.4,0.4,GX,wind_offshore,,CF
55,GX_wind_storage,0.38,0.38,0.38,0.38,0.38,0.38,0.38,0.38,0.38,0.38,0.38,0.38,0.38,0.38,0.38,0.38,0.38,0.38,0.38,0.38,0.38,0.38,GX,wind_storage,,CF
62,GZ_wind_offshore,0.4,0.4,0.4,0.4,0.4,0.4,0.4,0.4,0.4,0.4,0.4,0.4,0.4,0.4,0.4,0.4,0.4,0.4,0.4,0.4,0.4,0.4,GZ,wind_offshore,,CF
63,GZ_wind_storage,0.38,0.38,0.38,0.38,0.38,0.38,0.38,0.38,0.38,0.38,0.38,0.38,0.38,0.38,0.38,0.38,0.38,0.38,0.38,0.38,0.38,0.38,GZ,wind_storage,,CF
70,HA_wind_offshore,0.4,0.4,0.4,0.4,0.4,0.4,0.4,0.4,0.4,0.4,0.4,0.4,0.4,0.4,0.4,0.4,0.4,0.4,0.4,0.4,0.4,0.4,HA,wind_offshore,,CF
71,HA_wind_storage,0.38,0.38,0.38,0.38,0.38,0.38,0.38,0.38,0.38,0.38,0.38,0.38,0.38,0.38,0.38,0.38,0.38,0.38,0.38,0.38,0.38,0.38,HA,wind_storage,,CF
78,HB_wind_offshore,0.4,0.4,0.4,0.4,0.4,0.4,0.4,0.4,0.4,0.4,0.4,0.4,0.4,0.4,0.4,0.4,0.4,0.4,0.4,0.4,0.4,0.4,HB,wind_offshore,,CF
79,HB_wind_storage,0.38,0.38,0.38,0.38,0.38,0.38,0.38,0.38,0.38,0.38,0.38,0.38,0.38,0.38,0.38,0.38,0.38,0.38,0.38,0.38,0.38,0.38,HB,wind_storage,,CF
86,HE_wind_offshore,0.4,0.4,0.4,0.4,0.4,0.4,0.4,0.4,0.4,0.4,0.4,0.4,0.4,0.4,0.4,0.4,0.4,0.4,0.4,0.4,0.4,0.4,HE,wind_offshore,,CF
87,HE_wind_storage,0.38,0.38,0.38,0.38,0.38,0.38,0.38,0.38,0.38,0.38,0.38,0.38,0.38,0.38,0.38,0.38,0.38,0.38,0.38,0.38,0.38,0.38,HE,wind_storage,,CF
94,HI_wind_offshore,0.4,0.4,0.4,0.4,0.4,0.4,0.4,0.4,0.4,0.4,0.4,0.4,0.4,0.4,0.4,0.4,0.4,0.4,0.4,0.4,0.4,0.4,HI,wind_offshore,,CF
95,HI_wind_storage,0.38,0.38,0.38,0.38,0.38,0.38,0.38,0.38,0.38,0.38,0.38,0.38,0.38,0.38,0.38,0.38,0.38,0.38,0.38,0.38,0.38,0.38,HI,wind_storage,,CF
102,HL_wind_offshore,0.4,0.4,0.4,0.4,0.4,0.4,0.4,0.4,0.4,0.4,0.4,0.4,0.4,0.4,0.4,0.4,0.4,0.4,0.4,0.4,0.4,0.4,HL,wind_offshore,,CF
103,HL_wind_storage,0.38,0.38,0.38,0.38,0.38,0.38,0.38,0.38,0.38,0.38,0.38,0.38,0.38,0.38,0.38,0.38,0.38,0.38,0.38,0.38,0.38,0.38,HL,wind_storage,,CF
110,HN_wind_offshore,0.4,0.4,0.4,0.4,0.4,0.4,0.4,0.4,0.4,0.4,0.4,0.4,0.4,0.4,0.4,0.4,0.4,0.4,0.4,0.4,0.4,0.4,HN,wind_offshore,,CF
111,HN_wind_storage,0.38,0.38,0.38,0.38,0.38,0.38,0.38,0.38,0.38,0.38,0.38,0.38,0.38,0.38,0.38,0.38,0.38,0.38,0.38,0.38,0.38,0.38,HN,wind_storage,,CF
118,JL_wind_offshore,0.4,0.4,0.4,0.4,0.4,0.4,0.4,0.4,0.4,0.4,0.4,0.4,0.4,0.4,0.4,0.4,0.4,0.4,0.4,0.4,0.4,0.4,JL,wind_offshore,,CF
119,JL_wind_storage,0.38,0.38,0.38,0.38,0.38,0.38,0.38,0.38,0.38,0.38,0.38,0.38,0.38,0.38,0.38,0.38,0.38,0.38,0.38,0.38,0.38,0.38,JL,wind_storage,,CF
126,JS_wind_offshore,0.4,0.4,0.4,0.4,0.4,0.4,0.4,0.4,0.4,0.4,0.4,0.4,0.4,0.4,0.4,0.4,0.4,0.4,0.4,0.4,0.4,0.4,JS,wind_offshore,,CF
127,JS_wind_storage,0.38,0.38,0.38,0.38,0.38,0.38,0.38,0.38,0.38,0.38,0.38,0.38,0.38,0.38,0.38,0.38,0.38,0.38,0.38,0.38,0.38,0.38,JS,wind_storage,,CF
134,JX_wind_offshore,0.4,0.4,0.4,0.4,0.4,0.4,0.4,0.4,0.4,0.4,0.4,0.4,0.4,0.4,0.4,0.4,0.4,0.4,0.4,0.4,0.4,0.4,JX,wind_offshore,,CF
135,JX_wind_storage,0.38,0.38,0.38,0.38,0.38,0.38,0.38,0.38,0.38,0.38,0.38,0.38,0.38,0.38,0.38,0.38,0.38,0.38,0.38,0.38,0.38,0.38,JX,wind_storage,,CF
142,LN_wind_offshore,0.4,0.4,0.4,0.4,0.4,0.4,0.4,0.4,0.4,0.4,0.4,0.4,0.4,0.4,0.4,0.4,0.4,0.4,0.4,0.4,0.4,0.4,LN,wind_offshore,,CF
143,LN_wind_storage,0.38,0.38,0.38,0.38,0.38,0.38,0.38,0.38,0.38,0.38,0.38,0.38,0.38,0.38,0.38,0.38,0.38,0.38,0.38,0.38,0.38,0.38,LN,wind_storage,,CF
150,NM_wind_offshore,0.4,0.4,0.4,0.4,0.4,0.4,0.4,0.4,0.4,0.4,0.4,0.4,0.4,0.4,0.4,0.4,0.4,0.4,0.4,0.4,0.4,0.4,NM,wind_offshore,,CF
151,NM_wind_storage,0.38,0.38,0.38,0.38,0.38,0.38,0.38,0.38,0.38,0.38,0.38,0.38,0.38,0.38,0.38,0.38,0.38,0.38,0.38,0.38,0.38,0.38,NM,wind_storage,,CF
158,NX_wind_offshore,0.4,0.4,0.4,0.4,0.4,0.4,0.4,0.4,0.4,0.4,0.4,0.4,0.4,0.4,0.4,0.4,0.4,0.4,0.4,0.4,0.4,0.4,NX,wind_offshore,,CF
159,NX_wind_storage,0.38,0.38,0.38,0.38,0.38,0.38,0.38,0.38,0.38,0.38,0.38,0.38,0.38,0.38,0.38,0.38,0.38,0.38,0.38,0.38,0.38,0.38,NX,wind_storage,,CF
166,QH_wind_offshore,0.4,0.4,0.4,0.4,0.4,0.4,0.4,0.4,0.4,0.4,0.4,0.4,0.4,0.4,0.4,0.4,0.4,0.4,0.4,0.4,0.4,0.4,QH,wind_offshore,,CF
167,QH_wind_storage,0.38,0.38,0.38,0.38,0.38,0.38,0.38,0.38,0.38,0.38,0.38,0.38,0.38,0.38,0.38,0.38,0.38,0.38,0.38,0.38,0.38,0.38,QH,wind_storage,,CF
174,SC_wind_offshore,0.4,0.4,0.4,0.4,0.4,0.4,0.4,0.4,0.4,0.4,0.4,0.4,0.4,0.4,0.4,0.4,0.4,0.4,0.4,0.4,0.4,0.4,SC,wind_offshore,,CF
175,SC_wind_storage,0.38,0.38,0.38,0.38,0.38,0.38,0.38,0.38,0.38,0.38,0.38,0.38,0.38,0.38,0.38,0.38,0.38,0.38,0.38,0.38,0.38,0.38,SC,wind_storage,,CF
182,SD_wind_offshore,0.4,0.4,0.4,0.4,0.4,0.4,0.4,0.4,0.4,0.4,0.4,0.4,0.4,0.4,0.4,0.4,0.4,0.4,0.4,0.4,0.4,0.4,SD,wind_offshore,,CF
183,SD_wind_storage,0.38,0.38,0.38,0.38,0.38,0.38,0.38,0.38,0.38,0.38,0.38,0.38,0.38,0.38,0.38,0.38,0.38,0.38,0.38,0.38,0.38,0.38,SD,wind_storage,,CF
190,SH_wind_offshore,0.4,0.4,0.4,0.4,0.4,0.4,0.4,0.4,0.4,0.4,0.4,0.4,0.4,0.4,0.4,0.4,0.4,0.4,0.4,0.4,0.4,0.4,SH,wind_offshore,,CF
191,SH_wind_storage,0.38,0.38,0.38,0.38,0.38,0.38,0.38,0.38,0.38,0.38,0.38,0.38,0.38,0.38,0.38,0.38,0.38,0.38,0.38,0.38,0.38,0.38,SH,wind_storage,,CF
198,SN_wind_offshore,0.4,0.4,0.4,0.4,0.4,0.4,0.4,0.4,0.4,0.4,0.4,0.4,0.4,0.4,0.4,0.4,0.4,0.4,0.4,0.4,0.4,0.4,SN,wind_offshore,,CF
199,SN_wind_storage,0.38,0.38,0.38,0.38,0.38,0.38,0.38,0.38,0.38,0.38,0.38,0.38,0.38,0.38,0.38,0.38,0.38,0.38,0.38,0.38,0.38,0.38,SN,wind_storage,,CF
206,SX_wind_offshore,0.4,0.4,0.4,0.4,0.4,0.4,0.4,0.4,0.4,0.4,0.4,0.4,0.4,0.4,0.4,0.4,0.4,0.4,0.4,0.4,0.4,0.4,SX,wind_offshore,,CF
207,SX_wind_storage,0.38,0.38,0.38,0.38,0.38,0.38,0.38,0.38,0.38,0.38,0.38,0.38,0.38,0.38,0.38,0.38,0.38,0.38,0.38,0.38,0.38,0.38,SX,wind_storage,,CF
214,TJ_wind_offshore,0.4,0.4,0.4,0.4,0.4,0.4,0.4,0.4,0.4,0.4,0.4,0.4,0.4,0.4,0.4,0.4,0.4,0.4,0.4,0.4,0.4,0.4,TJ,wind_offshore,,CF
215,TJ_wind_storage,0.38,0.38,0.38,0.38,0.38,0.38,0.38,0.38,0.38,0.38,0.38,0.38,0.38,0.38,0.38,0.38,0.38,0.38,0.38,0.38,0.38,0.38,TJ,wind_storage,,CF
222,XJ_wind_offshore,0.4,0.4,0.4,0.4,0.4,0.4,0.4,0.4,0.4,0.4,0.4,0.4,0.4,0.4,0.4,0.4,0.4,0.4,0.4,0.4,0.4,0.4,XJ,wind_offshore,,CF
223,XJ_wind_storage,0.38,0.38,0.38,0.38,0.38,0.38,0.38,0.38,0.38,0.38,0.38,0.38,0.38,0.38,0.38,0.38,0.38,0.38,0.38,0.38,0.38,0.38,XJ,wind_storage,,CF
230,XZ_wind_offshore,0.4,0.4,0.4,0.4,0.4,0.4,0.4,0.4,0.4,0.4,0.4,0.4,0.4,0.4,0.4,0.4,0.4,0.4,0.4,0.4,0.4,0.4,XZ,wind_offshore,,CF
231,XZ_wind_storage,0.38,0.38,0.38,0.38,0.38,0.38,0.38,0.38,0.38,0.38,0.38,0.38,0.38,0.38,0.38,0.38,0.38,0.38,0.38,0.38,0.38,0.38,XZ,wind_storage,,CF
238,YN_wind_offshore,0.4,0.4,0.4,0.4,0.4,0.4,0.4,0.4,0.4,0.4,0.4,0.4,0.4,0.4,0.4,0.4,0.4,0.4,0.4,0.4,0.4,0.4,YN,wind_offshore,,CF
239,YN_wind_storage,0.38,0.38,0.38,0.38,0.38,0.38,0.38,0.38,0.38,0.38,0.38,0.38,0.38,0.38,0.38,0.38,0.38,0.38,0.38,0.38,0.38,0.38,YN,wind_storage,,CF
246,ZJ_wind_offshore,0.4,0.4,0.4,0.4,0.4,0.4,0.4,0.4,0.4,0.4,0.4,0.4,0.4,0.4,0.4,0.4,0.4,0.4,0.4,0.4,0.4,0.4,ZJ,wind_offshore,,CF
247,ZJ_wind_storage,0.38,0.38,0.38,0.38,0.38,0.38,0.38,0.38,0.38,0.38,0.38,0.38,0.38,0.38,0.38,0.38,0.38,0.38,0.38,0.38,0.38,0.38,ZJ,wind_storage,,CF
0,,0.8,0.8,0.8,0.8,0.8,0.8,0.8,0.8,0.8,0.8,0.8,0.8,0.8,0.8,0.8,0.8,0.8,0.8,0.8,0.8,0.8,0.8,AH,biomass (IGCC CCS),Anhui,CF
1,,0.8500000000000001,0.8500000000000001,0.8500000000000001,0.8500000000000001,0.8500000000000001,0.8500000000000001,0.8500000000000001,0.8500000000000001,0.8500000000000001,0.8500000000000001,0.8500000000000001,0.8500000000000001,0.8500000000000001,0.8500000000000001,0.8500000000000001,0.8500000000000001,0.8500000000000001,0.8500000000000001,0.8500000000000001,0.8500000000000001,0.8500000000000001,0.8500000000000001,AH,biomass (conv CCS),Anhui,CF
2,,0.8,0.8,0.8,0.8,0.8,0.8,0.8,0.8,0.8,0.8,0.8,0.8,0.8,0.8,0.8,0.8,0.8,0.8,0.8,0.8,0.8,0.8,BJ,biomass (IGCC CCS),Beijing,CF
3,,0.8500000000000001,0.8500000000000001,0.8500000000000001,0.8500000000000001,0.8500000000000001,0.8500000000000001,0.8500000000000001,0.8500000000000001,0.8500000000000001,0.8500000000000001,0.8500000000000001,0.8500000000000001,0.8500000000000001,0.8500000000000001,0.8500000000000001,0.8500000000000001,0.8500000000000001,0.8500000000000001,0.8500000000000001,0.8500000000000001,0.8500000000000001,0.8500000000000001,BJ,biomass (conv CCS),Beijing,CF
4,,0.8,0.8,0.8,0.8,0.8,0.8,0.8,0.8,0.8,0.8,0.8,0.8,0.8,0.8,0.8,0.8,0.8,0.8,0.8,0.8,0.8,0.8,CQ,biomass (IGCC CCS),Chongqing,CF
5,,0.8500000000000001,0.8500000000000001,0.8500000000000001,0.8500000000000001,0.8500000000000001,0.8500000000000001,0.8500000000000001,0.8500000000000001,0.8500000000000001,0.8500000000000001,0.8500000000000001,0.8500000000000001,0.8500000000000001,0.8500000000000001,0.8500000000000001,0.8500000000000001,0.8500000000000001,0.8500000000000001,0.8500000000000001,0.8500000000000001,0.8500000000000001,0.8500000000000001,CQ,biomass (conv CCS),Chongqing,CF
6,,0.8,0.8,0.8,0.8,0.8,0.8,0.8,0.8,0.8,0.8,0.8,0.8,0.8,0.8,0.8,0.8,0.8,0.8,0.8,0.8,0.8,0.8,FJ,biomass (IGCC CCS),Fujian,CF
7,,0.8500000000000001,0.8500000000000001,0.8500000000000001,0.8500000000000001,0.8500000000000001,0.8500000000000001,0.8500000000000001,0.8500000000000001,0.8500000000000001,0.8500000000000001,0.8500000000000001,0.8500000000000001,0.8500000000000001,0.8500000000000001,0.8500000000000001,0.8500000000000001,0.8500000000000001,0.8500000000000001,0.8500000000000001,0.8500000000000001,0.8500000000000001,0.8500000000000001,FJ,biomass (conv CCS),Fujian,CF
8,,0.8,0.8,0.8,0.8,0.8,0.8,0.8,0.8,0.8,0.8,0.8,0.8,0.8,0.8,0.8,0.8,0.8,0.8,0.8,0.8,0.8,0.8,GD,biomass (IGCC CCS),Guangdong,CF
9,,0.8500000000000001,0.8500000000000001,0.8500000000000001,0.8500000000000001,0.8500000000000001,0.8500000000000001,0.8500000000000001,0.8500000000000001,0.8500000000000001,0.8500000000000001,0.8500000000000001,0.8500000000000001,0.8500000000000001,0.8500000000000001,0.8500000000000001,0.8500000000000001,0.8500000000000001,0.8500000000000001,0.8500000000000001,0.8500000000000001,0.8500000000000001,0.8500000000000001,GD,biomass (conv CCS),Guangdong,CF
10,,0.8,0.8,0.8,0.8,0.8,0.8,0.8,0.8,0.8,0.8,0.8,0.8,0.8,0.8,0.8,0.8,0.8,0.8,0.8,0.8,0.8,0.8,GS,biomass (IGCC CCS),Gansu,CF
11,,0.8500000000000001,0.8500000000000001,0.8500000000000001,0.8500000000000001,0.8500000000000001,0.8500000000000001,0.8500000000000001,0.8500000000000001,0.8500000000000001,0.8500000000000001,0.8500000000000001,0.8500000000000001,0.8500000000000001,0.8500000000000001,0.8500000000000001,0.8500000000000001,0.8500000000000001,0.8500000000000001,0.8500000000000001,0.8500000000000001,0.8500000000000001,0.8500000000000001,GS,biomass (conv CCS),Gansu,CF
12,,0.8,0.8,0.8,0.8,0.8,0.8,0.8,0.8,0.8,0.8,0.8,0.8,0.8,0.8,0.8,0.8,0.8,0.8,0.8,0.8,0.8,0.8,GX,biomass (IGCC CCS),Guangxi,CF
13,,0.8500000000000001,0.8500000000000001,0.8500000000000001,0.8500000000000001,0.8500000000000001,0.8500000000000001,0.8500000000000001,0.8500000000000001,0.8500000000000001,0.8500000000000001,0.8500000000000001,0.8500000000000001,0.8500000000000001,0.8500000000000001,0.8500000000000001,0.8500000000000001,0.8500000000000001,0.8500000000000001,0.8500000000000001,0.8500000000000001,0.8500000000000001,0.8500000000000001,GX,biomass (conv CCS),Guangxi,CF
14,,0.8,0.8,0.8,0.8,0.8,0.8,0.8,0.8,0.8,0.8,0.8,0.8,0.8,0.8,0.8,0.8,0.8,0.8,0.8,0.8,0.8,0.8,GZ,biomass (IGCC CCS),Guizhou,CF
15,,0.8500000000000001,0.8500000000000001,0.8500000000000001,0.8500000000000001,0.8500000000000001,0.8500000000000001,0.8500000000000001,0.8500000000000001,0.8500000000000001,0.8500000000000001,0.8500000000000001,0.8500000000000001,0.8500000000000001,0.8500000000000001,0.8500000000000001,0.8500000000000001,0.8500000000000001,0.8500000000000001,0.8500000000000001,0.8500000000000001,0.8500000000000001,0.8500000000000001,GZ,biomass (conv CCS),Guizhou,CF
16,,0.8,0.8,0.8,0.8,0.8,0.8,0.8,0.8,0.8,0.8,0.8,0.8,0.8,0.8,0.8,0.8,0.8,0.8,0.8,0.8,0.8,0.8,HA,biomass (IGCC CCS),Henan,CF
17,,0.8500000000000001,0.8500000000000001,0.8500000000000001,0.8500000000000001,0.8500000000000001,0.8500000000000001,0.8500000000000001,0.8500000000000001,0.8500000000000001,0.8500000000000001,0.8500000000000001,0.8500000000000001,0.8500000000000001,0.8500000000000001,0.8500000000000001,0.8500000000000001,0.8500000000000001,0.8500000000000001,0.8500000000000001,0.8500000000000001,0.8500000000000001,0.8500000000000001,HA,biomass (conv CCS),Henan,CF
18,,0.8,0.8,0.8,0.8,0.8,0.8,0.8,0.8,0.8,0.8,0.8,0.8,0.8,0.8,0.8,0.8,0.8,0.8,0.8,0.8,0.8,0.8,HB,biomass (IGCC CCS),Hubei,CF
19,,0.8500000000000001,0.8500000000000001,0.8500000000000001,0.8500000000000001,0.8500000000000001,0.8500000000000001,0.8500000000000001,0.8500000000000001,0.8500000000000001,0.8500000000000001,0.8500000000000001,0.8500000000000001,0.8500000000000001,0.8500000000000001,0.8500000000000001,0.8500000000000001,0.8500000000000001,0.8500000000000001,0.8500000000000001,0.8500000000000001,0.8500000000000001,0.8500000000000001,HB,biomass (conv CCS),Hubei,CF
20,,0.8,0.8,0.8,0.8,0.8,0.8,0.8,0.8,0.8,0.8,0.8,0.8,0.8,0.8,0.8,0.8,0.8,0.8,0.8,0.8,0.8,0.8,HE,biomass (IGCC CCS),Hebei,CF
21,,0.8500000000000001,0.8500000000000001,0.8500000000000001,0.8500000000000001,0.8500000000000001,0.8500000000000001,0.8500000000000001,0.8500000000000001,0.8500000000000001,0.8500000000000001,0.8500000000000001,0.8500000000000001,0.8500000000000001,0.8500000000000001,0.8500000000000001,0.8500000000000001,0.8500000000000001,0.8500000000000001,0.8500000000000001,0.8500000000000001,0.8500000000000001,0.8500000000000001,HE,biomass (conv CCS),Hebei,CF
22,,0.8,0.8,0.8,0.8,0.8,0.8,0.8,0.8,0.8,0.8,0.8,0.8,0.8,0.8,0.8,0.8,0.8,0.8,0.8,0.8,0.8,0.8,HI,biomass (IGCC CCS),Hainan,CF
23,,0.8500000000000001,0.8500000000000001,0.8500000000000001,0.8500000000000001,0.8500000000000001,0.8500000000000001,0.8500000000000001,0.8500000000000001,0.8500000000000001,0.8500000000000001,0.8500000000000001,0.8500000000000001,0.8500000000000001,0.8500000000000001,0.8500000000000001,0.8500000000000001,0.8500000000000001,0.8500000000000001,0.8500000000000001,0.8500000000000001,0.8500000000000001,0.8500000000000001,HI,biomass (conv CCS),Hainan,CF
24,,0.8,0.8,0.8,0.8,0.8,0.8,0.8,0.8,0.8,0.8,0.8,0.8,0.8,0.8,0.8,0.8,0.8,0.8,0.8,0.8,0.8,0.8,HK,biomass (IGCC CCS),Hong Kong,CF
25,,0.8500000000000001,0.8500000000000001,0.8500000000000001,0.8500000000000001,0.8500000000000001,0.8500000000000001,0.8500000000000001,0.8500000000000001,0.8500000000000001,0.8500000000000001,0.8500000000000001,0.8500000000000001,0.8500000000000001,0.8500000000000001,0.8500000000000001,0.8500000000000001,0.8500000000000001,0.8500000000000001,0.8500000000000001,0.8500000000000001,0.8500000000000001,0.8500000000000001,HK,biomass (conv CCS),Hong Kong,CF
26,,0.8,0.8,0.8,0.8,0.8,0.8,0.8,0.8,0.8,0.8,0.8,0.8,0.8,0.8,0.8,0.8,0.8,0.8,0.8,0.8,0.8,0.8,HL,biomass (IGCC CCS),Heilongjiang,CF
27,,0.8500000000000001,0.8500000000000001,0.8500000000000001,0.8500000000000001,0.8500000000000001,0.8500000000000001,0.8500000000000001,0.8500000000000001,0.8500000000000001,0.8500000000000001,0.8500000000000001,0.8500000000000001,0.8500000000000001,0.8500000000000001,0.8500000000000001,0.8500000000000001,0.8500000000000001,0.8500000000000001,0.8500000000000001,0.8500000000000001,0.8500000000000001,0.8500000000000001,HL,biomass (conv CCS),Heilongjiang,CF
28,,0.8,0.8,0.8,0.8,0.8,0.8,0.8,0.8,0.8,0.8,0.8,0.8,0.8,0.8,0.8,0.8,0.8,0.8,0.8,0.8,0.8,0.8,HN,biomass (IGCC CCS),Hunan,CF
29,,0.8500000000000001,0.8500000000000001,0.8500000000000001,0.8500000000000001,0.8500000000000001,0.8500000000000001,0.8500000000000001,0.8500000000000001,0.8500000000000001,0.8500000000000001,0.8500000000000001,0.8500000000000001,0.8500000000000001,0.8500000000000001,0.8500000000000001,0.8500000000000001,0.8500000000000001,0.8500000000000001,0.8500000000000001,0.8500000000000001,0.8500000000000001,0.8500000000000001,HN,biomass (conv CCS),Hunan,CF
30,,0.8,0.8,0.8,0.8,0.8,0.8,0.8,0.8,0.8,0.8,0.8,0.8,0.8,0.8,0.8,0.8,0.8,0.8,0.8,0.8,0.8,0.8,JL,biomass (IGCC CCS),Jilin,CF
31,,0.8500000000000001,0.8500000000000001,0.8500000000000001,0.8500000000000001,0.8500000000000001,0.8500000000000001,0.8500000000000001,0.8500000000000001,0.8500000000000001,0.8500000000000001,0.8500000000000001,0.8500000000000001,0.8500000000000001,0.8500000000000001,0.8500000000000001,0.8500000000000001,0.8500000000000001,0.8500000000000001,0.8500000000000001,0.8500000000000001,0.8500000000000001,0.8500000000000001,JL,biomass (conv CCS),Jilin,CF
32,,0.8,0.8,0.8,0.8,0.8,0.8,0.8,0.8,0.8,0.8,0.8,0.8,0.8,0.8,0.8,0.8,0.8,0.8,0.8,0.8,0.8,0.8,JS,biomass (IGCC CCS),Jiangsu,CF
33,,0.8500000000000001,0.8500000000000001,0.8500000000000001,0.8500000000000001,0.8500000000000001,0.8500000000000001,0.8500000000000001,0.8500000000000001,0.8500000000000001,0.8500000000000001,0.8500000000000001,0.8500000000000001,0.8500000000000001,0.8500000000000001,0.8500000000000001,0.8500000000000001,0.8500000000000001,0.8500000000000001,0.8500000000000001,0.8500000000000001,0.8500000000000001,0.8500000000000001,JS,biomass (conv CCS),Jiangsu,CF
34,,0.8,0.8,0.8,0.8,0.8,0.8,0.8,0.8,0.8,0.8,0.8,0.8,0.8,0.8,0.8,0.8,0.8,0.8,0.8,0.8,0.8,0.8,JX,biomass (IGCC CCS),Jiangxi,CF
35,,0.8500000000000001,0.8500000000000001,0.8500000000000001,0.8500000000000001,0.8500000000000001,0.8500000000000001,0.8500000000000001,0.8500000000000001,0.8500000000000001,0.8500000000000001,0.8500000000000001,0.8500000000000001,0.8500000000000001,0.8500000000000001,0.8500000000000001,0.8500000000000001,0.8500000000000001,0.8500000000000001,0.8500000000000001,0.8500000000000001,0.8500000000000001,0.8500000000000001,JX,biomass (conv CCS),Jiangxi,CF
36,,0.8,0.8,0.8,0.8,0.8,0.8,0.8,0.8,0.8,0.8,0.8,0.8,0.8,0.8,0.8,0.8,0.8,0.8,0.8,0.8,0.8,0.8,LN,biomass (IGCC CCS),Liaoning,CF
37,,0.8500000000000001,0.8500000000000001,0.8500000000000001,0.8500000000000001,0.8500000000000001,0.8500000000000001,0.8500000000000001,0.8500000000000001,0.8500000000000001,0.8500000000000001,0.8500000000000001,0.8500000000000001,0.8500000000000001,0.8500000000000001,0.8500000000000001,0.8500000000000001,0.8500000000000001,0.8500000000000001,0.8500000000000001,0.8500000000000001,0.8500000000000001,0.8500000000000001,LN,biomass (conv CCS),Liaoning,CF
38,,0.8,0.8,0.8,0.8,0.8,0.8,0.8,0.8,0.8,0.8,0.8,0.8,0.8,0.8,0.8,0.8,0.8,0.8,0.8,0.8,0.8,0.8,MC,biomass (IGCC CCS),Macau,CF
39,,0.8500000000000001,0.8500000000000001,0.8500000000000001,0.8500000000000001,0.8500000000000001,0.8500000000000001,0.8500000000000001,0.8500000000000001,0.8500000000000001,0.8500000000000001,0.8500000000000001,0.8500000000000001,0.8500000000000001,0.8500000000000001,0.8500000000000001,0.8500000000000001,0.8500000000000001,0.8500000000000001,0.8500000000000001,0.8500000000000001,0.8500000000000001,0.8500000000000001,MC,biomass (conv CCS),Macau,CF
40,,0.8,0.8,0.8,0.8,0.8,0.8,0.8,0.8,0.8,0.8,0.8,0.8,0.8,0.8,0.8,0.8,0.8,0.8,0.8,0.8,0.8,0.8,NM,biomass (IGCC CCS),Inner Mongolia,CF
41,,0.8500000000000001,0.8500000000000001,0.8500000000000001,0.8500000000000001,0.8500000000000001,0.8500000000000001,0.8500000000000001,0.8500000000000001,0.8500000000000001,0.8500000000000001,0.8500000000000001,0.8500000000000001,0.8500000000000001,0.8500000000000001,0.8500000000000001,0.8500000000000001,0.8500000000000001,0.8500000000000001,0.8500000000000001,0.8500000000000001,0.8500000000000001,0.8500000000000001,NM,biomass (conv CCS),Inner Mongolia,CF
42,,0.8,0.8,0.8,0.8,0.8,0.8,0.8,0.8,0.8,0.8,0.8,0.8,0.8,0.8,0.8,0.8,0.8,0.8,0.8,0.8,0.8,0.8,NX,biomass (IGCC CCS),Ningxia,CF
43,,0.8500000000000001,0.8500000000000001,0.8500000000000001,0.8500000000000001,0.8500000000000001,0.8500000000000001,0.8500000000000001,0.8500000000000001,0.8500000000000001,0.8500000000000001,0.8500000000000001,0.8500000000000001,0.8500000000000001,0.8500000000000001,0.8500000000000001,0.8500000000000001,0.8500000000000001,0.8500000000000001,0.8500000000000001,0.8500000000000001,0.8500000000000001,0.8500000000000001,NX,biomass (conv CCS),Ningxia,CF
44,,0.8,0.8,0.8,0.8,0.8,0.8,0.8,0.8,0.8,0.8,0.8,0.8,0.8,0.8,0.8,0.8,0.8,0.8,0.8,0.8,0.8,0.8,QH,biomass (IGCC CCS),Qinghai,CF
45,,0.8500000000000001,0.8500000000000001,0.8500000000000001,0.8500000000000001,0.8500000000000001,0.8500000000000001,0.8500000000000001,0.8500000000000001,0.8500000000000001,0.8500000000000001,0.8500000000000001,0.8500000000000001,0.8500000000000001,0.8500000000000001,0.8500000000000001,0.8500000000000001,0.8500000000000001,0.8500000000000001,0.8500000000000001,0.8500000000000001,0.8500000000000001,0.8500000000000001,QH,biomass (conv CCS),Qinghai,CF
46,,0.8,0.8,0.8,0.8,0.8,0.8,0.8,0.8,0.8,0.8,0.8,0.8,0.8,0.8,0.8,0.8,0.8,0.8,0.8,0.8,0.8,0.8,SC,biomass (IGCC CCS),Sichuan,CF
47,,0.8500000000000001,0.8500000000000001,0.8500000000000001,0.8500000000000001,0.8500000000000001,0.8500000000000001,0.8500000000000001,0.8500000000000001,0.8500000000000001,0.8500000000000001,0.8500000000000001,0.8500000000000001,0.8500000000000001,0.8500000000000001,0.8500000000000001,0.8500000000000001,0.8500000000000001,0.8500000000000001,0.8500000000000001,0.8500000000000001,0.8500000000000001,0.8500000000000001,SC,biomass (conv CCS),Sichuan,CF
48,,0.8,0.8,0.8,0.8,0.8,0.8,0.8,0.8,0.8,0.8,0.8,0.8,0.8,0.8,0.8,0.8,0.8,0.8,0.8,0.8,0.8,0.8,SD,biomass (IGCC CCS),Shandong,CF
49,,0.8500000000000001,0.8500000000000001,0.8500000000000001,0.8500000000000001,0.8500000000000001,0.8500000000000001,0.8500000000000001,0.8500000000000001,0.8500000000000001,0.8500000000000001,0.8500000000000001,0.8500000000000001,0.8500000000000001,0.8500000000000001,0.8500000000000001,0.8500000000000001,0.8500000000000001,0.8500000000000001,0.8500000000000001,0.8500000000000001,0.8500000000000001,0.8500000000000001,SD,biomass (conv CCS),Shandong,CF
50,,0.8,0.8,0.8,0.8,0.8,0.8,0.8,0.8,0.8,0.8,0.8,0.8,0.8,0.8,0.8,0.8,0.8,0.8,0.8,0.8,0.8,0.8,SH,biomass (IGCC CCS),Shanghai,CF
51,,0.8500000000000001,0.8500000000000001,0.8500000000000001,0.8500000000000001,0.8500000000000001,0.8500000000000001,0.8500000000000001,0.8500000000000001,0.8500000000000001,0.8500000000000001,0.8500000000000001,0.8500000000000001,0.8500000000000001,0.8500000000000001,0.8500000000000001,0.8500000000000001,0.8500000000000001,0.8500000000000001,0.8500000000000001,0.8500000000000001,0.8500000000000001,0.8500000000000001,SH,biomass (conv CCS),Shanghai,CF
52,,0.8,0.8,0.8,0.8,0.8,0.8,0.8,0.8,0.8,0.8,0.8,0.8,0.8,0.8,0.8,0.8,0.8,0.8,0.8,0.8,0.8,0.8,SN,biomass (IGCC CCS),Shaanxi,CF
53,,0.8500000000000001,0.8500000000000001,0.8500000000000001,0.8500000000000001,0.8500000000000001,0.8500000000000001,0.8500000000000001,0.8500000000000001,0.8500000000000001,0.8500000000000001,0.8500000000000001,0.8500000000000001,0.8500000000000001,0.8500000000000001,0.8500000000000001,0.8500000000000001,0.8500000000000001,0.8500000000000001,0.8500000000000001,0.8500000000000001,0.8500000000000001,0.8500000000000001,SN,biomass (conv CCS),Shaanxi,CF
54,,0.8,0.8,0.8,0.8,0.8,0.8,0.8,0.8,0.8,0.8,0.8,0.8,0.8,0.8,0.8,0.8,0.8,0.8,0.8,0.8,0.8,0.8,SX,biomass (IGCC CCS),Shanxi,CF
55,,0.8500000000000001,0.8500000000000001,0.8500000000000001,0.8500000000000001,0.8500000000000001,0.8500000000000001,0.8500000000000001,0.8500000000000001,0.8500000000000001,0.8500000000000001,0.8500000000000001,0.8500000000000001,0.8500000000000001,0.8500000000000001,0.8500000000000001,0.8500000000000001,0.8500000000000001,0.8500000000000001,0.8500000000000001,0.8500000000000001,0.8500000000000001,0.8500000000000001,SX,biomass (conv CCS),Shanxi,CF
56,,0.8,0.8,0.8,0.8,0.8,0.8,0.8,0.8,0.8,0.8,0.8,0.8,0.8,0.8,0.8,0.8,0.8,0.8,0.8,0.8,0.8,0.8,TJ,biomass (IGCC CCS),Tianjin,CF
57,,0.8500000000000001,0.8500000000000001,0.8500000000000001,0.8500000000000001,0.8500000000000001,0.8500000000000001,0.8500000000000001,0.8500000000000001,0.8500000000000001,0.8500000000000001,0.8500000000000001,0.8500000000000001,0.8500000000000001,0.8500000000000001,0.8500000000000001,0.8500000000000001,0.8500000000000001,0.8500000000000001,0.8500000000000001,0.8500000000000001,0.8500000000000001,0.8500000000000001,TJ,biomass (conv CCS),Tianjin,CF
58,,0.8,0.8,0.8,0.8,0.8,0.8,0.8,0.8,0.8,0.8,0.8,0.8,0.8,0.8,0.8,0.8,0.8,0.8,0.8,0.8,0.8,0.8,XJ,biomass (IGCC CCS),Xinjiang,CF
59,,0.8500000000000001,0.8500000000000001,0.8500000000000001,0.8500000000000001,0.8500000000000001,0.8500000000000001,0.8500000000000001,0.8500000000000001,0.8500000000000001,0.8500000000000001,0.8500000000000001,0.8500000000000001,0.8500000000000001,0.8500000000000001,0.8500000000000001,0.8500000000000001,0.8500000000000001,0.8500000000000001,0.8500000000000001,0.8500000000000001,0.8500000000000001,0.8500000000000001,XJ,biomass (conv CCS),Xinjiang,CF
60,,0.8,0.8,0.8,0.8,0.8,0.8,0.8,0.8,0.8,0.8,0.8,0.8,0.8,0.8,0.8,0.8,0.8,0.8,0.8,0.8,0.8,0.8,XZ,biomass (IGCC CCS),Tibet,CF
61,,0.8500000000000001,0.8500000000000001,0.8500000000000001,0.8500000000000001,0.8500000000000001,0.8500000000000001,0.8500000000000001,0.8500000000000001,0.8500000000000001,0.8500000000000001,0.8500000000000001,0.8500000000000001,0.8500000000000001,0.8500000000000001,0.8500000000000001,0.8500000000000001,0.8500000000000001,0.8500000000000001,0.8500000000000001,0.8500000000000001,0.8500000000000001,0.8500000000000001,XZ,biomass (conv CCS),Tibet,CF
62,,0.8,0.8,0.8,0.8,0.8,0.8,0.8,0.8,0.8,0.8,0.8,0.8,0.8,0.8,0.8,0.8,0.8,0.8,0.8,0.8,0.8,0.8,YN,biomass (IGCC CCS),Yunnan,CF
63,,0.8500000000000001,0.8500000000000001,0.8500000000000001,0.8500000000000001,0.8500000000000001,0.8500000000000001,0.8500000000000001,0.8500000000000001,0.8500000000000001,0.8500000000000001,0.8500000000000001,0.8500000000000001,0.8500000000000001,0.8500000000000001,0.8500000000000001,0.8500000000000001,0.8500000000000001,0.8500000000000001,0.8500000000000001,0.8500000000000001,0.8500000000000001,0.8500000000000001,YN,biomass (conv CCS),Yunnan,CF
64,,0.8,0.8,0.8,0.8,0.8,0.8,0.8,0.8,0.8,0.8,0.8,0.8,0.8,0.8,0.8,0.8,0.8,0.8,0.8,0.8,0.8,0.8,ZJ,biomass (IGCC CCS),Zhejiang,CF
65,,0.8500000000000001,0.8500000000000001,0.8500000000000001,0.8500000000000001,0.8500000000000001,0.8500000000000001,0.8500000000000001,0.8500000000000001,0.8500000000000001,0.8500000000000001,0.8500000000000001,0.8500000000000001,0.8500000000000001,0.8500000000000001,0.8500000000000001,0.8500000000000001,0.8500000000000001,0.8500000000000001,0.8500000000000001,0.8500000000000001,0.8500000000000001,0.8500000000000001,ZJ,biomass (conv CCS),Zhejiang,CF
0,,,,,,0.484030196842009,0.484030196842009,0.484030196842009,0.484030196842009,0.484030196842009,0.484030196842009,0.484030196842009,0.484030196842009,0.484030196842009,0.484030196842009,,,,,,,,,AH,CSP_storage,Anhui,CF
1,,,,,,0.7469850375556795,0.7469850375556795,0.7469850375556795,0.7469850375556795,0.7469850375556795,0.7469850375556795,0.7469850375556795,0.7469850375556795,0.7469850375556795,0.7469850375556795,,,,,,,,,BJ,CSP_storage,Beijing,CF
2,,,,,,0.32416331818454014,0.32416331818454014,0.32416331818454014,0.32416331818454014,0.32416331818454014,0.32416331818454014,0.32416331818454014,0.32416331818454014,0.32416331818454014,0.32416331818454014,,,,,,,,,CQ,CSP_storage,Chongqing,CF
3,,,,,,0.4924866312294318,0.4924866312294318,0.4924866312294318,0.4924866312294318,0.4924866312294318,0.4924866312294318,0.4924866312294318,0.4924866312294318,0.4924866312294318,0.4924866312294318,,,,,,,,,FJ,CSP_storage,Fujian,CF
4,,,,,,0.9072546035649304,0.9072546035649304,0.9072546035649304,0.9072546035649304,0.9072546035649304,0.9072546035649304,0.9072546035649304,0.9072546035649304,0.9072546035649304,0.9072546035649304,,,,,,,,,GS,CSP_storage,Gansu,CF
5,,,,,,0.4381238387388567,0.4381238387388567,0.4381238387388567,0.4381238387388567,0.4381238387388567,0.4381238387388567,0.4381238387388567,0.4381238387388567,0.4381238387388567,0.4381238387388567,,,,,,,,,GD,CSP_storage,Guangdong,CF
6,,,,,,0.4175867837979728,0.4175867837979728,0.4175867837979728,0.4175867837979728,0.4175867837979728,0.4175867837979728,0.4175867837979728,0.4175867837979728,0.4175867837979728,0.4175867837979728,,,,,,,,,GX,CSP_storage,Guangxi,CF
7,,,,,,0.47074151423320176,0.47074151423320176,0.47074151423320176,0.47074151423320176,0.47074151423320176,0.47074151423320176,0.47074151423320176,0.47074151423320176,0.47074151423320176,0.47074151423320176,,,,,,,,,GZ,CSP_storage,Guizhou,CF
8,,,,,,0.6080579011908765,0.6080579011908765,0.6080579011908765,0.6080579011908765,0.6080579011908765,0.6080579011908765,0.6080579011908765,0.6080579011908765,0.6080579011908765,0.6080579011908765,,,,,,,,,HI,CSP_storage,Hainan,CF
9,,,,,,0.7449716007967693,0.7449716007967693,0.7449716007967693,0.7449716007967693,0.7449716007967693,0.7449716007967693,0.7449716007967693,0.7449716007967693,0.7449716007967693,0.7449716007967693,,,,,,,,,HE,CSP_storage,Hebei,CF
10,,,,,,0.6289976434835425,0.6289976434835425,0.6289976434835425,0.6289976434835425,0.6289976434835425,0.6289976434835425,0.6289976434835425,0.6289976434835425,0.6289976434835425,0.6289976434835425,,,,,,,,,HL,CSP_storage,Heilongjiang,CF
11,,,,,,0.49973500356150846,0.49973500356150846,0.49973500356150846,0.49973500356150846,0.49973500356150846,0.49973500356150846,0.49973500356150846,0.49973500356150846,0.49973500356150846,0.49973500356150846,,,,,,,,,HA,CSP_storage,Henan,CF
12,,,,,,0.41154647352124224,0.41154647352124224,0.41154647352124224,0.41154647352124224,0.41154647352124224,0.41154647352124224,0.41154647352124224,0.41154647352124224,0.41154647352124224,0.41154647352124224,,,,,,,,,HB,CSP_storage,Hubei,CF
13,,,,,,0.3793314853786793,0.3793314853786793,0.3793314853786793,0.3793314853786793,0.3793314853786793,0.3793314853786793,0.3793314853786793,0.3793314853786793,0.3793314853786793,0.3793314853786793,,,,,,,,,HN,CSP_storage,Hunan,CF
14,,,,,,0.8977914507980524,0.8977914507980524,0.8977914507980524,0.8977914507980524,0.8977914507980524,0.8977914507980524,0.8977914507980524,0.8977914507980524,0.8977914507980524,0.8977914507980524,,,,,,,,,NM,CSP_storage,Inner Mongolia,CF
15,,,,,,0.5323526790558535,0.5323526790558535,0.5323526790558535,0.5323526790558535,0.5323526790558535,0.5323526790558535,0.5323526790558535,0.5323526790558535,0.5323526790558535,0.5323526790558535,,,,,,,,,JS,CSP_storage,Jiangsu,CF
16,,,,,,0.4542313328101382,0.4542313328101382,0.4542313328101382,0.4542313328101382,0.4542313328101382,0.4542313328101382,0.4542313328101382,0.4542313328101382,0.4542313328101382,0.4542313328101382,,,,,,,,,JX,CSP_storage,Jiangxi,CF
17,,,,,,0.6100713379497867,0.6100713379497867,0.6100713379497867,0.6100713379497867,0.6100713379497867,0.6100713379497867,0.6100713379497867,0.6100713379497867,0.6100713379497867,0.6100713379497867,,,,,,,,,JL,CSP_storage,Jilin,CF
18,,,,,,0.6527561972386826,0.6527561972386826,0.6527561972386826,0.6527561972386826,0.6527561972386826,0.6527561972386826,0.6527561972386826,0.6527561972386826,0.6527561972386826,0.6527561972386826,,,,,,,,,LN,CSP_storage,Liaoning,CF
19,,,,,,0.8847041118651362,0.8847041118651362,0.8847041118651362,0.8847041118651362,0.8847041118651362,0.8847041118651362,0.8847041118651362,0.8847041118651362,0.8847041118651362,0.8847041118651362,,,,,,,,,NX,CSP_storage,Ningxia,CF
20,,,,,,1.1810820027767157,1.1810820027767157,1.1810820027767157,1.1810820027767157,1.1810820027767157,1.1810820027767157,1.1810820027767157,1.1810820027767157,1.1810820027767157,1.1810820027767157,,,,,,,,,QH,CSP_storage,Qinghai,CF
21,,,,,,0.6587965075154132,0.6587965075154132,0.6587965075154132,0.6587965075154132,0.6587965075154132,0.6587965075154132,0.6587965075154132,0.6587965075154132,0.6587965075154132,0.6587965075154132,,,,,,,,,SN,CSP_storage,Shaanxi,CF
22,,,,,,0.6201385217443376,0.6201385217443376,0.6201385217443376,0.6201385217443376,0.6201385217443376,0.6201385217443376,0.6201385217443376,0.6201385217443376,0.6201385217443376,0.6201385217443376,,,,,,,,,SD,CSP_storage,Shandong,CF
23,,,,,,0.5037618770793287,0.5037618770793287,0.5037618770793287,0.5037618770793287,0.5037618770793287,0.5037618770793287,0.5037618770793287,0.5037618770793287,0.5037618770793287,0.5037618770793287,,,,,,,,,SH,CSP_storage,Shanghai,CF
24,,,,,,0.8045693288605108,0.8045693288605108,0.8045693288605108,0.8045693288605108,0.8045693288605108,0.8045693288605108,0.8045693288605108,0.8045693288605108,0.8045693288605108,0.8045693288605108,,,,,,,,,SX,CSP_storage,Shanxi,CF
25,,,,,,0.5468494237200069,0.5468494237200069,0.5468494237200069,0.5468494237200069,0.5468494237200069,0.5468494237200069,0.5468494237200069,0.5468494237200069,0.5468494237200069,0.5468494237200069,,,,,,,,,SC,CSP_storage,Sichuan,CF
26,,,,,,0.6732932521795665,0.6732932521795665,0.6732932521795665,0.6732932521795665,0.6732932521795665,0.6732932521795665,0.6732932521795665,0.6732932521795665,0.6732932521795665,0.6732932521795665,,,,,,,,,TJ,CSP_storage,Tianjin,CF
27,,,,,,1.485513640723936,1.485513640723936,1.485513640723936,1.485513640723936,1.485513640723936,1.485513640723936,1.485513640723936,1.485513640723936,1.485513640723936,1.485513640723936,,,,,,,,,XZ,CSP_storage,Tibet,CF
28,,,,,,0.839603128465548,0.839603128465548,0.839603128465548,0.839603128465548,0.839603128465548,0.839603128465548,0.839603128465548,0.839603128465548,0.839603128465548,0.839603128465548,,,,,,,,,XJ,CSP_storage,Xinjiang,CF
29,,,,,,0.8432273146315864,0.8432273146315864,0.8432273146315864,0.8432273146315864,0.8432273146315864,0.8432273146315864,0.8432273146315864,0.8432273146315864,0.8432273146315864,0.8432273146315864,,,,,,,,,YN,CSP_storage,Yunnan,CF
30,,,,,,0.49852694150616234,0.49852694150616234,0.49852694150616234,0.49852694150616234,0.49852694150616234,0.49852694150616234,0.49852694150616234,0.49852694150616234,0.49852694150616234,0.49852694150616234,,,,,,,,,ZJ,CSP_storage,Zhejiang,CF
31,,,,,,0.1876625085595488,0.1876625085595488,0.1876625085595488,0.1876625085595488,0.1876625085595488,0.1876625085595488,0.1876625085595488,0.1876625085595488,0.1876625085595488,0.1876625085595488,,,,,,,,,AH,CSP,Anhui,CF
32,,,,,,0.2896122740249276,0.2896122740249276,0.2896122740249276,0.2896122740249276,0.2896122740249276,0.2896122740249276,0.2896122740249276,0.2896122740249276,0.2896122740249276,0.2896122740249276,,,,,,,,,BJ,CSP,Beijing,CF
33,,,,,,0.12568079816176106,0.12568079816176106,0.12568079816176106,0.12568079816176106,0.12568079816176106,0.12568079816176106,0.12568079816176106,0.12568079816176106,0.12568079816176106,0.12568079816176106,,,,,,,,,CQ,CSP,Chongqing,CF
34,,,,,,0.19094113807681215,0.19094113807681215,0.19094113807681215,0.19094113807681215,0.19094113807681215,0.19094113807681215,0.19094113807681215,0.19094113807681215,0.19094113807681215,0.19094113807681215,,,,,,,,,FJ,CSP,Fujian,CF
35,,,,,,0.35175010963782316,0.35175010963782316,0.35175010963782316,0.35175010963782316,0.35175010963782316,0.35175010963782316,0.35175010963782316,0.35175010963782316,0.35175010963782316,0.35175010963782316,,,,,,,,,GS,CSP,Gansu,CF
36,,,,,,0.16986423403726214,0.16986423403726214,0.16986423403726214,0.16986423403726214,0.16986423403726214,0.16986423403726214,0.16986423403726214,0.16986423403726214,0.16986423403726214,0.16986423403726214,,,,,,,,,GD,CSP,Guangdong,CF
37,,,,,,0.16190184806676547,0.16190184806676547,0.16190184806676547,0.16190184806676547,0.16190184806676547,0.16190184806676547,0.16190184806676547,0.16190184806676547,0.16190184806676547,0.16190184806676547,,,,,,,,,GX,CSP,Guangxi,CF
38,,,,,,0.18251037646099214,0.18251037646099214,0.18251037646099214,0.18251037646099214,0.18251037646099214,0.18251037646099214,0.18251037646099214,0.18251037646099214,0.18251037646099214,0.18251037646099214,,,,,,,,,GZ,CSP,Guizhou,CF
39,,,,,,0.23574907481274432,0.23574907481274432,0.23574907481274432,0.23574907481274432,0.23574907481274432,0.23574907481274432,0.23574907481274432,0.23574907481274432,0.23574907481274432,0.23574907481274432,,,,,,,,,HI,CSP,Hainan,CF
40,,,,,,0.28883164794938876,0.28883164794938876,0.28883164794938876,0.28883164794938876,0.28883164794938876,0.28883164794938876,0.28883164794938876,0.28883164794938876,0.28883164794938876,0.28883164794938876,,,,,,,,,HE,CSP,Hebei,CF
41,,,,,,0.2438675859983488,0.2438675859983488,0.2438675859983488,0.2438675859983488,0.2438675859983488,0.2438675859983488,0.2438675859983488,0.2438675859983488,0.2438675859983488,0.2438675859983488,,,,,,,,,HL,CSP,Heilongjiang,CF
42,,,,,,0.19375139194875213,0.19375139194875213,0.19375139194875213,0.19375139194875213,0.19375139194875213,0.19375139194875213,0.19375139194875213,0.19375139194875213,0.19375139194875213,0.19375139194875213,,,,,,,,,HA,CSP,Henan,CF
43,,,,,,0.1595599698401488,0.1595599698401488,0.1595599698401488,0.1595599698401488,0.1595599698401488,0.1595599698401488,0.1595599698401488,0.1595599698401488,0.1595599698401488,0.1595599698401488,,,,,,,,,HB,CSP,Hubei,CF
44,,,,,,0.1470699526315266,0.1470699526315266,0.1470699526315266,0.1470699526315266,0.1470699526315266,0.1470699526315266,0.1470699526315266,0.1470699526315266,0.1470699526315266,0.1470699526315266,,,,,,,,,HN,CSP,Hunan,CF
45,,,,,,0.3480811670827904,0.3480811670827904,0.3480811670827904,0.3480811670827904,0.3480811670827904,0.3480811670827904,0.3480811670827904,0.3480811670827904,0.3480811670827904,0.3480811670827904,,,,,,,,,NM,CSP,Inner Mongolia,CF
46,,,,,,0.20639753437248215,0.20639753437248215,0.20639753437248215,0.20639753437248215,0.20639753437248215,0.20639753437248215,0.20639753437248215,0.20639753437248215,0.20639753437248215,0.20639753437248215,,,,,,,,,JS,CSP,Jiangsu,CF
47,,,,,,0.17610924264157324,0.17610924264157324,0.17610924264157324,0.17610924264157324,0.17610924264157324,0.17610924264157324,0.17610924264157324,0.17610924264157324,0.17610924264157324,0.17610924264157324,,,,,,,,,JX,CSP,Jiangxi,CF
48,,,,,,0.2365297008882832,0.2365297008882832,0.2365297008882832,0.2365297008882832,0.2365297008882832,0.2365297008882832,0.2365297008882832,0.2365297008882832,0.2365297008882832,0.2365297008882832,,,,,,,,,JL,CSP,Jilin,CF
49,,,,,,0.25307897368970766,0.25307897368970766,0.25307897368970766,0.25307897368970766,0.25307897368970766,0.25307897368970766,0.25307897368970766,0.25307897368970766,0.25307897368970766,0.25307897368970766,,,,,,,,,LN,CSP,Liaoning,CF
50,,,,,,0.3430070975917876,0.3430070975917876,0.3430070975917876,0.3430070975917876,0.3430070975917876,0.3430070975917876,0.3430070975917876,0.3430070975917876,0.3430070975917876,0.3430070975917876,,,,,,,,,NX,CSP,Ningxia,CF
51,,,,,,0.45791525591111204,0.45791525591111204,0.45791525591111204,0.45791525591111204,0.45791525591111204,0.45791525591111204,0.45791525591111204,0.45791525591111204,0.45791525591111204,0.45791525591111204,,,,,,,,,QH,CSP,Qinghai,CF
52,,,,,,0.2554208519163243,0.2554208519163243,0.2554208519163243,0.2554208519163243,0.2554208519163243,0.2554208519163243,0.2554208519163243,0.2554208519163243,0.2554208519163243,0.2554208519163243,,,,,,,,,SN,CSP,Shaanxi,CF
53,,,,,,0.24043283126597767,0.24043283126597767,0.24043283126597767,0.24043283126597767,0.24043283126597767,0.24043283126597767,0.24043283126597767,0.24043283126597767,0.24043283126597767,0.24043283126597767,,,,,,,,,SD,CSP,Shandong,CF
54,,,,,,0.1953126440998299,0.1953126440998299,0.1953126440998299,0.1953126440998299,0.1953126440998299,0.1953126440998299,0.1953126440998299,0.1953126440998299,0.1953126440998299,0.1953126440998299,,,,,,,,,SH,CSP,Shanghai,CF
55,,,,,,0.3119381797853399,0.3119381797853399,0.3119381797853399,0.3119381797853399,0.3119381797853399,0.3119381797853399,0.3119381797853399,0.3119381797853399,0.3119381797853399,0.3119381797853399,,,,,,,,,SX,CSP,Shanxi,CF
56,,,,,,0.21201804211636213,0.21201804211636213,0.21201804211636213,0.21201804211636213,0.21201804211636213,0.21201804211636213,0.21201804211636213,0.21201804211636213,0.21201804211636213,0.21201804211636213,,,,,,,,,SC,CSP,Sichuan,CF
57,,,,,,0.2610413596602043,0.2610413596602043,0.2610413596602043,0.2610413596602043,0.2610413596602043,0.2610413596602043,0.2610413596602043,0.2610413596602043,0.2610413596602043,0.2610413596602043,,,,,,,,,TJ,CSP,Tianjin,CF
58,,,,,,0.5759459185325919,0.5759459185325919,0.5759459185325919,0.5759459185325919,0.5759459185325919,0.5759459185325919,0.5759459185325919,0.5759459185325919,0.5759459185325919,0.5759459185325919,,,,,,,,,XZ,CSP,Tibet,CF
59,,,,,,0.3255210734997165,0.3255210734997165,0.3255210734997165,0.3255210734997165,0.3255210734997165,0.3255210734997165,0.3255210734997165,0.3255210734997165,0.3255210734997165,0.3255210734997165,,,,,,,,,XJ,CSP,Xinjiang,CF
60,,,,,,0.32692620043568654,0.32692620043568654,0.32692620043568654,0.32692620043568654,0.32692620043568654,0.32692620043568654,0.32692620043568654,0.32692620043568654,0.32692620043568654,0.32692620043568654,,,,,,,,,YN,CSP,Yunnan,CF
61,,,,,,0.19328301630342878,0.19328301630342878,0.19328301630342878,0.19328301630342878,0.19328301630342878,0.19328301630342878,0.19328301630342878,0.19328301630342878,0.19328301630342878,0.19328301630342878,,,,,,,,,ZJ,CSP,Zhejiang,CF
62,,,,,,,0.0851574197674633,0.09618774229653039,0.10721806482559748,0.11824838735466456,0.12927870988373164,0.14030903241279874,0.15133935494186582,0.1623696774709329,0.1734,,,,,,,,,AH,PV,Anhui,CF
63,,,,,,,0.0957302707109762,0.10707648687210418,0.11842270303323216,0.12976891919436012,0.14111513535548809,0.15246135151661608,0.16380756767774404,0.17515378383887203,0.1865,,,,,,,,,BJ,PV,Beijing,CF
64,,,,,,,0.0480375189206244,0.06095782905554635,0.0738781391904683,0.08679844932539024,0.0997187594603122,0.11263906959523415,0.1255593797301561,0.13847968986507805,0.1514,,,,,,,,,CQ,PV,Chongqing,CF
65,,,,,,,0.0604491265499655,0.07703048573121982,0.09361184491247412,0.11019320409372843,0.12677456327498274,0.14335592245623704,0.15993728163749138,0.1765186408187457,0.1931,,,,,,,,,FJ,PV,Fujian,CF
66,,,,,,,0.09481089236806199,0.10974703082205424,0.12468316927604649,0.13961930773003875,0.154555446184031,0.16949158463802325,0.1844277230920155,0.19936386154600774,0.2143,,,,,,,,,GS,PV,Gansu,CF
67,,,,,,,0.0524045665528263,0.06985399573372301,0.08730342491461973,0.10475285409551643,0.12220228327641315,0.13965171245730987,0.15710114163820657,0.1745505708191033,0.192,,,,,,,,,GD,PV,Guangdong,CF
68,,,,,,,0.0767680926400515,0.09018458106004507,0.10360106948003862,0.11701755790003218,0.13043404632002575,0.14385053474001933,0.1572670231600129,0.17068351158000644,0.1841,,,,,,,,,GX,PV,Guangxi,CF
69,,,,,,,0.10929110177232002,0.11890471405078001,0.12851832632924,0.1381319386077,0.14774555088616,0.15735916316462,0.16697277544308,0.17658638772154,0.1862,,,,,,,,,GZ,PV,Guizhou,CF
70,,,,,,,0.10526882127039,0.11911021861159125,0.1329516159527925,0.14679301329399375,0.160634410635195,0.17447580797639628,0.18831720531759752,0.20215860265879876,0.21600000000000003,,,,,,,,,HI,PV,Hainan,CF
71,,,,,,,0.113773071445706,0.12301393751499276,0.1322548035842795,0.14149566965356625,0.150736535722853,0.15997740179213976,0.16921826786142652,0.17845913393071325,0.1877,,,,,,,,,HE,PV,Hebei,CF
72,,,,,,,0.11101493641696401,0.1187255693648435,0.126436202312723,0.1341468352606025,0.141857468208482,0.1495681011563615,0.15727873410424098,0.1649893670521205,0.1727,,,,,,,,,HL,PV,Heilongjiang,CF
73,,,,,,,0.0760785583795062,0.08821873858206791,0.10035891878462964,0.11249909898719138,0.1246392791897531,0.1367794593923148,0.14891963959487653,0.16105981979743828,0.1732,,,,,,,,,HA,PV,Henan,CF
74,,,,,,,0.0849275756850944,0.0953366287244576,0.10574568176382079,0.116154734803184,0.12656378784254718,0.1369728408819104,0.1473818939212736,0.15779094696063678,0.1682,,,,,,,,,HB,PV,Hubei,CF
75,,,,,,,0.0461987622347961,0.06094891695544659,0.07569907167609707,0.09044922639674757,0.10519938111739804,0.11994953583804854,0.13469969055869904,0.1494498452793495,0.1642,,,,,,,,,HN,PV,Hunan,CF
76,,,,,,,0.14537670223506,0.1525921144556775,0.159807526676295,0.1670229388969125,0.17423835111753,0.1814537633381475,0.188669175558765,0.1958845877793825,0.2031,,,,,,,,,NM,PV,Inner Mongolia,CF
77,,,,,,,0.09963762917172099,0.10880792552525587,0.11797822187879074,0.12714851823232562,0.1363188145858605,0.14548911093939537,0.15465940729293026,0.16382970364646515,0.17300000000000001,,,,,,,,,JS,PV,Jiangsu,CF
78,,,,,,,0.0710219774934783,0.08406923030679352,0.09711648312010873,0.11016373593342393,0.12321098874673915,0.13625824156005437,0.14930549437336957,0.1623527471866848,0.1754,,,,,,,,,JX,PV,Jiangxi,CF
79,,,,,,,0.104234520886292,0.11350520577550549,0.122775890664719,0.1320465755539325,0.141317260443146,0.1505879453323595,0.15985863022157298,0.1691293151107865,0.1784,,,,,,,,,JL,PV,Jilin,CF
80,,,,,,,0.0957302707109762,0.10643898687210418,0.11714770303323216,0.12785641919436014,0.1385651353554881,0.1492738515166161,0.15998256767774405,0.17069128383887203,0.1814,,,,,,,,,LN,PV,Liaoning,CF
81,,,,,,,0.11871472928383,0.13062538812335125,0.1425360469628725,0.15444670580239375,0.166357364641915,0.17826802348143625,0.1901786823209575,0.20208934116047875,0.214,,,,,,,,,NX,PV,Ningxia,CF
82,,,,,,,0.129057736144974,0.14546301912685225,0.1618683021087305,0.17827358509060875,0.194678868072487,0.21108415105436523,0.2274894340362435,0.24389471701812174,0.2603,,,,,,,,,QH,PV,Qinghai,CF
83,,,,,,,0.10687773387385001,0.11736801713961875,0.1278583004053875,0.13834858367115627,0.148838866936925,0.15932915020269375,0.1698194334684625,0.18030971673423124,0.1908,,,,,,,,,SN,PV,Shaanxi,CF
84,,,,,,,0.0832037410404506,0.09510327341039428,0.10700280578033795,0.11890233815028162,0.1308018705202253,0.14270140289016897,0.15460093526011265,0.16650046763005633,0.1784,,,,,,,,,SD,PV,Shandong,CF
85,,,,,,,0.0494165864349956,0.06426451313062115,0.07911243982624669,0.09396036652187224,0.1088082932174978,0.12365621991312334,0.13850414660874888,0.15335207330437445,0.1682,,,,,,,,,SH,PV,Shanghai,CF
86,,,,,,,0.10768218916885999,0.11884691552275249,0.130011641876645,0.14117636823053747,0.15234109458443,0.1635058209383225,0.17467054729221498,0.18583527364610747,0.19699999999999998,,,,,,,,,SX,PV,Shanxi,CF
87,,,,,,,0.128253279843244,0.1362716198628385,0.14428995988243298,0.1523082999020275,0.160326639921622,0.1683449799412165,0.176363319960811,0.18438165998040548,0.1924,,,,,,,,,SC,PV,Sichuan,CF
88,,,,,,,0.0898692335232186,0.10109807933281628,0.11232692514241395,0.12355577095201162,0.1347846167616093,0.14601346257120698,0.15724230838080466,0.16847115419040232,0.1797,,,,,,,,,TJ,PV,Tianjin,CF
89,,,,,,,0.0775725489417812,0.10646348032405854,0.1353544117063359,0.16424534308861324,0.1931362744708906,0.22202720585316793,0.2509181372354453,0.2798090686177226,0.3087,,,,,,,,,XZ,PV,Tibet,CF
90,,,,,,,0.101016696686092,0.1124896096003305,0.123962522514569,0.1354354354288075,0.146908348343046,0.1583812612572845,0.169854174171523,0.1813270870857615,0.1928,,,,,,,,,XJ,PV,Xinjiang,CF
91,,,,,,,0.11331338227424902,0.1290742094899679,0.14483503670568676,0.16059586392140562,0.1763566911371245,0.19211751835284335,0.20787834556856224,0.22363917278428114,0.2394,,,,,,,,,YN,PV,Yunnan,CF
92,,,,,,,0.0864215652406501,0.09766886958556883,0.10891617393048758,0.12016347827540631,0.13141078262032505,0.1426580869652438,0.1539053913101625,0.16515269565508128,0.1764,,,,,,,,,ZJ,PV,Zhejiang,CF
93,,,,,,,0.0851574197674633,0.09618774229653039,0.10721806482559748,0.11824838735466456,0.12927870988373164,0.14030903241279874,0.15133935494186582,0.1623696774709329,0.1734,,,,,,,,,AH,PV_storage,Anhui,CF
94,,,,,,,0.0957302707109762,0.10707648687210418,0.11842270303323216,0.12976891919436012,0.14111513535548809,0.15246135151661608,0.16380756767774404,0.17515378383887203,0.1865,,,,,,,,,BJ,PV_storage,Beijing,CF
95,,,,,,,0.0480375189206244,0.06095782905554635,0.0738781391904683,0.08679844932539024,0.0997187594603122,0.11263906959523415,0.1255593797301561,0.13847968986507805,0.1514,,,,,,,,,CQ,PV_storage,Chongqing,CF
96,,,,,,,0.0604491265499655,0.07703048573121982,0.09361184491247412,0.11019320409372843,0.12677456327498274,0.14335592245623704,0.15993728163749138,0.1765186408187457,0.1931,,,,,,,,,FJ,PV_storage,Fujian,CF
97,,,,,,,0.09481089236806199,0.10974703082205424,0.12468316927604649,0.13961930773003875,0.154555446184031,0.16949158463802325,0.1844277230920155,0.19936386154600774,0.2143,,,,,,,,,GS,PV_storage,Gansu,CF
98,,,,,,,0.0524045665528263,0.06985399573372301,0.08730342491461973,0.10475285409551643,0.12220228327641315,0.13965171245730987,0.15710114163820657,0.1745505708191033,0.192,,,,,,,,,GD,PV_storage,Guangdong,CF
99,,,,,,,0.0767680926400515,0.09018458106004507,0.10360106948003862,0.11701755790003218,0.13043404632002575,0.14385053474001933,0.1572670231600129,0.17068351158000644,0.1841,,,,,,,,,GX,PV_storage,Guangxi,CF
100,,,,,,,0.10929110177232002,0.11890471405078001,0.12851832632924,0.1381319386077,0.14774555088616,0.15735916316462,0.16697277544308,0.17658638772154,0.1862,,,,,,,,,GZ,PV_storage,Guizhou,CF
101,,,,,,,0.10526882127039,0.11911021861159125,0.1329516159527925,0.14679301329399375,0.160634410635195,0.17447580797639628,0.18831720531759752,0.20215860265879876,0.21600000000000003,,,,,,,,,HI,PV_storage,Hainan,CF
102,,,,,,,0.113773071445706,0.12301393751499276,0.1322548035842795,0.14149566965356625,0.150736535722853,0.15997740179213976,0.16921826786142652,0.17845913393071325,0.1877,,,,,,,,,HE,PV_storage,Hebei,CF
103,,,,,,,0.11101493641696401,0.1187255693648435,0.126436202312723,0.1341468352606025,0.141857468208482,0.1495681011563615,0.15727873410424098,0.1649893670521205,0.1727,,,,,,,,,HL,PV_storage,Heilongjiang,CF
104,,,,,,,0.0760785583795062,0.08821873858206791,0.10035891878462964,0.11249909898719138,0.1246392791897531,0.1367794593923148,0.14891963959487653,0.16105981979743828,0.1732,,,,,,,,,HA,PV_storage,Henan,CF
105,,,,,,,0.0849275756850944,0.0953366287244576,0.10574568176382079,0.116154734803184,0.12656378784254718,0.1369728408819104,0.1473818939212736,0.15779094696063678,0.1682,,,,,,,,,HB,PV_storage,Hubei,CF
106,,,,,,,0.0461987622347961,0.06094891695544659,0.07569907167609707,0.09044922639674757,0.10519938111739804,0.11994953583804854,0.13469969055869904,0.1494498452793495,0.1642,,,,,,,,,HN,PV_storage,Hunan,CF
107,,,,,,,0.14537670223506,0.1525921144556775,0.159807526676295,0.1670229388969125,0.17423835111753,0.1814537633381475,0.188669175558765,0.1958845877793825,0.2031,,,,,,,,,NM,PV_storage,Inner Mongolia,CF
108,,,,,,,0.09963762917172099,0.10880792552525587,0.11797822187879074,0.12714851823232562,0.1363188145858605,0.14548911093939537,0.15465940729293026,0.16382970364646515,0.17300000000000001,,,,,,,,,JS,PV_storage,Jiangsu,CF
109,,,,,,,0.0710219774934783,0.08406923030679352,0.09711648312010873,0.11016373593342393,0.12321098874673915,0.13625824156005437,0.14930549437336957,0.1623527471866848,0.1754,,,,,,,,,JX,PV_storage,Jiangxi,CF
110,,,,,,,0.104234520886292,0.11350520577550549,0.122775890664719,0.1320465755539325,0.141317260443146,0.1505879453323595,0.15985863022157298,0.1691293151107865,0.1784,,,,,,,,,JL,PV_storage,Jilin,CF
111,,,,,,,0.0957302707109762,0.10643898687210418,0.11714770303323216,0.12785641919436014,0.1385651353554881,0.1492738515166161,0.15998256767774405,0.17069128383887203,0.1814,,,,,,,,,LN,PV_storage,Liaoning,CF
112,,,,,,,0.11871472928383,0.13062538812335125,0.1425360469628725,0.15444670580239375,0.166357364641915,0.17826802348143625,0.1901786823209575,0.20208934116047875,0.214,,,,,,,,,NX,PV_storage,Ningxia,CF
113,,,,,,,0.129057736144974,0.14546301912685225,0.1618683021087305,0.17827358509060875,0.194678868072487,0.21108415105436523,0.2274894340362435,0.24389471701812174,0.2603,,,,,,,,,QH,PV_storage,Qinghai,CF
114,,,,,,,0.10687773387385001,0.11736801713961875,0.1278583004053875,0.13834858367115627,0.148838866936925,0.15932915020269375,0.1698194334684625,0.18030971673423124,0.1908,,,,,,,,,SN,PV_storage,Shaanxi,CF
115,,,,,,,0.0832037410404506,0.09510327341039428,0.10700280578033795,0.11890233815028162,0.1308018705202253,0.14270140289016897,0.15460093526011265,0.16650046763005633,0.1784,,,,,,,,,SD,PV_storage,Shandong,CF
116,,,,,,,0.0494165864349956,0.06426451313062115,0.07911243982624669,0.09396036652187224,0.1088082932174978,0.12365621991312334,0.13850414660874888,0.15335207330437445,0.1682,,,,,,,,,SH,PV_storage,Shanghai,CF
117,,,,,,,0.10768218916885999,0.11884691552275249,0.130011641876645,0.14117636823053747,0.15234109458443,0.1635058209383225,0.17467054729221498,0.18583527364610747,0.19699999999999998,,,,,,,,,SX,PV_storage,Shanxi,CF
118,,,,,,,0.128253279843244,0.1362716198628385,0.14428995988243298,0.1523082999020275,0.160326639921622,0.1683449799412165,0.176363319960811,0.18438165998040548,0.1924,,,,,,,,,SC,PV_storage,Sichuan,CF
119,,,,,,,0.0898692335232186,0.10109807933281628,0.11232692514241395,0.12355577095201162,0.1347846167616093,0.14601346257120698,0.15724230838080466,0.16847115419040232,0.1797,,,,,,,,,TJ,PV_storage,Tianjin,CF
120,,,,,,,0.0775725489417812,0.10646348032405854,0.1353544117063359,0.16424534308861324,0.1931362744708906,0.22202720585316793,0.2509181372354453,0.2798090686177226,0.3087,,,,,,,,,XZ,PV_storage,Tibet,CF
121,,,,,,,0.101016696686092,0.1124896096003305,0.123962522514569,0.1354354354288075,0.146908348343046,0.1583812612572845,0.169854174171523,0.1813270870857615,0.1928,,,,,,,,,XJ,PV_storage,Xinjiang,CF
122,,,,,,,0.11331338227424902,0.1290742094899679,0.14483503670568676,0.16059586392140562,0.1763566911371245,0.19211751835284335,0.20787834556856224,0.22363917278428114,0.2394,,,,,,,,,YN,PV_storage,Yunnan,CF
123,,,,,,,0.0864215652406501,0.09766886958556883,0.10891617393048758,0.12016347827540631,0.13141078262032505,0.1426580869652438,0.1539053913101625,0.16515269565508128,0.1764,,,,,,,,,ZJ,PV_storage,Zhejiang,CF
0,,0.44965753424657534,0.44965753424657534,0.44965753424657534,0.44965753424657534,0.44965753424657534,0.44965753424657534,0.44965753424657534,0.44965753424657534,0.44965753424657534,0.44965753424657534,0.44965753424657534,0.44965753424657534,0.44965753424657534,0.44965753424657534,0.44965753424657534,0.44965753424657534,0.44965753424657534,0.44965753424657534,0.44965753424657534,0.44965753424657534,0.44965753424657534,0.44965753424657534,BJ,coal (IGCC CCS),Beijing,CF
1,,0.5103881278538813,0.5103881278538813,0.5103881278538813,0.5103881278538813,0.5103881278538813,0.5103881278538813,0.5103881278538813,0.5103881278538813,0.5103881278538813,0.5103881278538813,0.5103881278538813,0.5103881278538813,0.5103881278538813,0.5103881278538813,0.5103881278538813,0.5103881278538813,0.5103881278538813,0.5103881278538813,0.5103881278538813,0.5103881278538813,0.5103881278538813,0.5103881278538813,TJ,coal (IGCC CCS),Tianjin,CF
2,,0.5810502283105022,0.5810502283105022,0.5810502283105022,0.5810502283105022,0.5810502283105022,0.5810502283105022,0.5810502283105022,0.5810502283105022,0.5810502283105022,0.5810502283105022,0.5810502283105022,0.5810502283105022,0.5810502283105022,0.5810502283105022,0.5810502283105022,0.5810502283105022,0.5810502283105022,0.5810502283105022,0.5810502283105022,0.5810502283105022,0.5810502283105022,0.5810502283105022,HE,coal (IGCC CCS),Hebei,CF
3,,0.49292237442922376,0.49292237442922376,0.49292237442922376,0.49292237442922376,0.49292237442922376,0.49292237442922376,0.49292237442922376,0.49292237442922376,0.49292237442922376,0.49292237442922376,0.49292237442922376,0.49292237442922376,0.49292237442922376,0.49292237442922376,0.49292237442922376,0.49292237442922376,0.49292237442922376,0.49292237442922376,0.49292237442922376,0.49292237442922376,0.49292237442922376,0.49292237442922376,SX,coal (IGCC CCS),Shanxi,CF
4,,0.5373287671232877,0.5373287671232877,0.5373287671232877,0.5373287671232877,0.5373287671232877,0.5373287671232877,0.5373287671232877,0.5373287671232877,0.5373287671232877,0.5373287671232877,0.5373287671232877,0.5373287671232877,0.5373287671232877,0.5373287671232877,0.5373287671232877,0.5373287671232877,0.5373287671232877,0.5373287671232877,0.5373287671232877,0.5373287671232877,0.5373287671232877,0.5373287671232877,SD,coal (IGCC CCS),Shandong,CF
5,,0.584931506849315,0.584931506849315,0.584931506849315,0.584931506849315,0.584931506849315,0.584931506849315,0.584931506849315,0.584931506849315,0.584931506849315,0.584931506849315,0.584931506849315,0.584931506849315,0.584931506849315,0.584931506849315,0.584931506849315,0.584931506849315,0.584931506849315,0.584931506849315,0.584931506849315,0.584931506849315,0.584931506849315,0.584931506849315,NM,coal (IGCC CCS),Inner Mongolia,CF
6,,0.479337899543379,0.479337899543379,0.479337899543379,0.479337899543379,0.479337899543379,0.479337899543379,0.479337899543379,0.479337899543379,0.479337899543379,0.479337899543379,0.479337899543379,0.479337899543379,0.479337899543379,0.479337899543379,0.479337899543379,0.479337899543379,0.479337899543379,0.479337899543379,0.479337899543379,0.479337899543379,0.479337899543379,0.479337899543379,LN,coal (IGCC CCS),Liaoning,CF
7,,0.4098173515981735,0.4098173515981735,0.4098173515981735,0.4098173515981735,0.4098173515981735,0.4098173515981735,0.4098173515981735,0.4098173515981735,0.4098173515981735,0.4098173515981735,0.4098173515981735,0.4098173515981735,0.4098173515981735,0.4098173515981735,0.4098173515981735,0.4098173515981735,0.4098173515981735,0.4098173515981735,0.4098173515981735,0.4098173515981735,0.4098173515981735,0.4098173515981735,JL,coal (IGCC CCS),Jilin,CF
8,,0.44360730593607306,0.44360730593607306,0.44360730593607306,0.44360730593607306,0.44360730593607306,0.44360730593607306,0.44360730593607306,0.44360730593607306,0.44360730593607306,0.44360730593607306,0.44360730593607306,0.44360730593607306,0.44360730593607306,0.44360730593607306,0.44360730593607306,0.44360730593607306,0.44360730593607306,0.44360730593607306,0.44360730593607306,0.44360730593607306,0.44360730593607306,0.44360730593607306,HL,coal (IGCC CCS),Heilongjiang,CF
9,,0.5054794520547945,0.5054794520547945,0.5054794520547945,0.5054794520547945,0.5054794520547945,0.5054794520547945,0.5054794520547945,0.5054794520547945,0.5054794520547945,0.5054794520547945,0.5054794520547945,0.5054794520547945,0.5054794520547945,0.5054794520547945,0.5054794520547945,0.5054794520547945,0.5054794520547945,0.5054794520547945,0.5054794520547945,0.5054794520547945,0.5054794520547945,0.5054794520547945,SN,coal (IGCC CCS),Shaanxi,CF
10,,0.4769406392694064,0.4769406392694064,0.4769406392694064,0.4769406392694064,0.4769406392694064,0.4769406392694064,0.4769406392694064,0.4769406392694064,0.4769406392694064,0.4769406392694064,0.4769406392694064,0.4769406392694064,0.4769406392694064,0.4769406392694064,0.4769406392694064,0.4769406392694064,0.4769406392694064,0.4769406392694064,0.4769406392694064,0.4769406392694064,0.4769406392694064,0.4769406392694064,GS,coal (IGCC CCS),Gansu,CF
11,,0.555365296803653,0.555365296803653,0.555365296803653,0.555365296803653,0.555365296803653,0.555365296803653,0.555365296803653,0.555365296803653,0.555365296803653,0.555365296803653,0.555365296803653,0.555365296803653,0.555365296803653,0.555365296803653,0.555365296803653,0.555365296803653,0.555365296803653,0.555365296803653,0.555365296803653,0.555365296803653,0.555365296803653,0.555365296803653,NX,coal (IGCC CCS),Ningxia,CF
12,,0.24634703196347033,0.24634703196347033,0.24634703196347033,0.24634703196347033,0.24634703196347033,0.24634703196347033,0.24634703196347033,0.24634703196347033,0.24634703196347033,0.24634703196347033,0.24634703196347033,0.24634703196347033,0.24634703196347033,0.24634703196347033,0.24634703196347033,0.24634703196347033,0.24634703196347033,0.24634703196347033,0.24634703196347033,0.24634703196347033,0.24634703196347033,0.24634703196347033,QH,coal (IGCC CCS),Qinghai,CF
13,,0.5295662100456621,0.5295662100456621,0.5295662100456621,0.5295662100456621,0.5295662100456621,0.5295662100456621,0.5295662100456621,0.5295662100456621,0.5295662100456621,0.5295662100456621,0.5295662100456621,0.5295662100456621,0.5295662100456621,0.5295662100456621,0.5295662100456621,0.5295662100456621,0.5295662100456621,0.5295662100456621,0.5295662100456621,0.5295662100456621,0.5295662100456621,0.5295662100456621,XJ,coal (IGCC CCS),Xinjiang,CF
14,,0.40764840182648404,0.40764840182648404,0.40764840182648404,0.40764840182648404,0.40764840182648404,0.40764840182648404,0.40764840182648404,0.40764840182648404,0.40764840182648404,0.40764840182648404,0.40764840182648404,0.40764840182648404,0.40764840182648404,0.40764840182648404,0.40764840182648404,0.40764840182648404,0.40764840182648404,0.40764840182648404,0.40764840182648404,0.40764840182648404,0.40764840182648404,0.40764840182648404,SH,coal (IGCC CCS),Shanghai,CF
15,,0.4795662100456621,0.4795662100456621,0.4795662100456621,0.4795662100456621,0.4795662100456621,0.4795662100456621,0.4795662100456621,0.4795662100456621,0.4795662100456621,0.4795662100456621,0.4795662100456621,0.4795662100456621,0.4795662100456621,0.4795662100456621,0.4795662100456621,0.4795662100456621,0.4795662100456621,0.4795662100456621,0.4795662100456621,0.4795662100456621,0.4795662100456621,0.4795662100456621,ZJ,coal (IGCC CCS),Zhejiang,CF
16,,0.5223744292237443,0.5223744292237443,0.5223744292237443,0.5223744292237443,0.5223744292237443,0.5223744292237443,0.5223744292237443,0.5223744292237443,0.5223744292237443,0.5223744292237443,0.5223744292237443,0.5223744292237443,0.5223744292237443,0.5223744292237443,0.5223744292237443,0.5223744292237443,0.5223744292237443,0.5223744292237443,0.5223744292237443,0.5223744292237443,0.5223744292237443,0.5223744292237443,JS,coal (IGCC CCS),Jiangsu,CF
17,,0.5713470319634704,0.5713470319634704,0.5713470319634704,0.5713470319634704,0.5713470319634704,0.5713470319634704,0.5713470319634704,0.5713470319634704,0.5713470319634704,0.5713470319634704,0.5713470319634704,0.5713470319634704,0.5713470319634704,0.5713470319634704,0.5713470319634704,0.5713470319634704,0.5713470319634704,0.5713470319634704,0.5713470319634704,0.5713470319634704,0.5713470319634704,0.5713470319634704,AH,coal (IGCC CCS),Anhui,CF
18,,0.5144977168949771,0.5144977168949771,0.5144977168949771,0.5144977168949771,0.5144977168949771,0.5144977168949771,0.5144977168949771,0.5144977168949771,0.5144977168949771,0.5144977168949771,0.5144977168949771,0.5144977168949771,0.5144977168949771,0.5144977168949771,0.5144977168949771,0.5144977168949771,0.5144977168949771,0.5144977168949771,0.5144977168949771,0.5144977168949771,0.5144977168949771,0.5144977168949771,FJ,coal (IGCC CCS),Fujian,CF
19,,0.5167808219178082,0.5167808219178082,0.5167808219178082,0.5167808219178082,0.5167808219178082,0.5167808219178082,0.5167808219178082,0.5167808219178082,0.5167808219178082,0.5167808219178082,0.5167808219178082,0.5167808219178082,0.5167808219178082,0.5167808219178082,0.5167808219178082,0.5167808219178082,0.5167808219178082,0.5167808219178082,0.5167808219178082,0.5167808219178082,0.5167808219178082,0.5167808219178082,HB,coal (IGCC CCS),Hubei,CF
20,,0.4444063926940639,0.4444063926940639,0.4444063926940639,0.4444063926940639,0.4444063926940639,0.4444063926940639,0.4444063926940639,0.4444063926940639,0.4444063926940639,0.4444063926940639,0.4444063926940639,0.4444063926940639,0.4444063926940639,0.4444063926940639,0.4444063926940639,0.4444063926940639,0.4444063926940639,0.4444063926940639,0.4444063926940639,0.4444063926940639,0.4444063926940639,0.4444063926940639,HA,coal (IGCC CCS),Henan,CF
21,,0.4632420091324201,0.4632420091324201,0.4632420091324201,0.4632420091324201,0.4632420091324201,0.4632420091324201,0.4632420091324201,0.4632420091324201,0.4632420091324201,0.4632420091324201,0.4632420091324201,0.4632420091324201,0.4632420091324201,0.4632420091324201,0.4632420091324201,0.4632420091324201,0.4632420091324201,0.4632420091324201,0.4632420091324201,0.4632420091324201,0.4632420091324201,0.4632420091324201,HN,coal (IGCC CCS),Hunan,CF
22,,0.6014840182648402,0.6014840182648402,0.6014840182648402,0.6014840182648402,0.6014840182648402,0.6014840182648402,0.6014840182648402,0.6014840182648402,0.6014840182648402,0.6014840182648402,0.6014840182648402,0.6014840182648402,0.6014840182648402,0.6014840182648402,0.6014840182648402,0.6014840182648402,0.6014840182648402,0.6014840182648402,0.6014840182648402,0.6014840182648402,0.6014840182648402,0.6014840182648402,JX,coal (IGCC CCS),Jiangxi,CF
23,,0.309703196347032,0.309703196347032,0.309703196347032,0.309703196347032,0.309703196347032,0.309703196347032,0.309703196347032,0.309703196347032,0.309703196347032,0.309703196347032,0.309703196347032,0.309703196347032,0.309703196347032,0.309703196347032,0.309703196347032,0.309703196347032,0.309703196347032,0.309703196347032,0.309703196347032,0.309703196347032,0.309703196347032,0.309703196347032,SC,coal (IGCC CCS),Sichuan,CF
24,,0.4006849315068493,0.4006849315068493,0.4006849315068493,0.4006849315068493,0.4006849315068493,0.4006849315068493,0.4006849315068493,0.4006849315068493,0.4006849315068493,0.4006849315068493,0.4006849315068493,0.4006849315068493,0.4006849315068493,0.4006849315068493,0.4006849315068493,0.4006849315068493,0.4006849315068493,0.4006849315068493,0.4006849315068493,0.4006849315068493,0.4006849315068493,0.4006849315068493,CQ,coal (IGCC CCS),Chongqing,CF
25,,0.46757990867579907,0.46757990867579907,0.46757990867579907,0.46757990867579907,0.46757990867579907,0.46757990867579907,0.46757990867579907,0.46757990867579907,0.46757990867579907,0.46757990867579907,0.46757990867579907,0.46757990867579907,0.46757990867579907,0.46757990867579907,0.46757990867579907,0.46757990867579907,0.46757990867579907,0.46757990867579907,0.46757990867579907,0.46757990867579907,0.46757990867579907,0.46757990867579907,GD,coal (IGCC CCS),Guangdong,CF
26,,0.3995433789954338,0.3995433789954338,0.3995433789954338,0.3995433789954338,0.3995433789954338,0.3995433789954338,0.3995433789954338,0.3995433789954338,0.3995433789954338,0.3995433789954338,0.3995433789954338,0.3995433789954338,0.3995433789954338,0.3995433789954338,0.3995433789954338,0.3995433789954338,0.3995433789954338,0.3995433789954338,0.3995433789954338,0.3995433789954338,0.3995433789954338,0.3995433789954338,GX,coal (IGCC CCS),Guangxi,CF
27,,0.21118721461187215,0.21118721461187215,0.21118721461187215,0.21118721461187215,0.21118721461187215,0.21118721461187215,0.21118721461187215,0.21118721461187215,0.21118721461187215,0.21118721461187215,0.21118721461187215,0.21118721461187215,0.21118721461187215,0.21118721461187215,0.21118721461187215,0.21118721461187215,0.21118721461187215,0.21118721461187215,0.21118721461187215,0.21118721461187215,0.21118721461187215,0.21118721461187215,YN,coal (IGCC CCS),Yunnan,CF
28,,0.4495433789954338,0.4495433789954338,0.4495433789954338,0.4495433789954338,0.4495433789954338,0.4495433789954338,0.4495433789954338,0.4495433789954338,0.4495433789954338,0.4495433789954338,0.4495433789954338,0.4495433789954338,0.4495433789954338,0.4495433789954338,0.4495433789954338,0.4495433789954338,0.4495433789954338,0.4495433789954338,0.4495433789954338,0.4495433789954338,0.4495433789954338,0.4495433789954338,GZ,coal (IGCC CCS),Guizhou,CF
29,,0.5192922374429224,0.5192922374429224,0.5192922374429224,0.5192922374429224,0.5192922374429224,0.5192922374429224,0.5192922374429224,0.5192922374429224,0.5192922374429224,0.5192922374429224,0.5192922374429224,0.5192922374429224,0.5192922374429224,0.5192922374429224,0.5192922374429224,0.5192922374429224,0.5192922374429224,0.5192922374429224,0.5192922374429224,0.5192922374429224,0.5192922374429224,0.5192922374429224,HI,coal (IGCC CCS),Hainan,CF
30,,0.44965753424657534,0.44965753424657534,0.44965753424657534,0.44965753424657534,0.44965753424657534,0.44965753424657534,0.44965753424657534,0.44965753424657534,0.44965753424657534,0.44965753424657534,0.44965753424657534,0.44965753424657534,0.44965753424657534,0.44965753424657534,0.44965753424657534,0.44965753424657534,0.44965753424657534,0.44965753424657534,0.44965753424657534,0.44965753424657534,0.44965753424657534,0.44965753424657534,BJ,coal (conv pul CCS),Beijing,CF
31,,0.5103881278538813,0.5103881278538813,0.5103881278538813,0.5103881278538813,0.5103881278538813,0.5103881278538813,0.5103881278538813,0.5103881278538813,0.5103881278538813,0.5103881278538813,0.5103881278538813,0.5103881278538813,0.5103881278538813,0.5103881278538813,0.5103881278538813,0.5103881278538813,0.5103881278538813,0.5103881278538813,0.5103881278538813,0.5103881278538813,0.5103881278538813,0.5103881278538813,TJ,coal (conv pul CCS),Tianjin,CF
32,,0.5810502283105022,0.5810502283105022,0.5810502283105022,0.5810502283105022,0.5810502283105022,0.5810502283105022,0.5810502283105022,0.5810502283105022,0.5810502283105022,0.5810502283105022,0.5810502283105022,0.5810502283105022,0.5810502283105022,0.5810502283105022,0.5810502283105022,0.5810502283105022,0.5810502283105022,0.5810502283105022,0.5810502283105022,0.5810502283105022,0.5810502283105022,0.5810502283105022,HE,coal (conv pul CCS),Hebei,CF
33,,0.49292237442922376,0.49292237442922376,0.49292237442922376,0.49292237442922376,0.49292237442922376,0.49292237442922376,0.49292237442922376,0.49292237442922376,0.49292237442922376,0.49292237442922376,0.49292237442922376,0.49292237442922376,0.49292237442922376,0.49292237442922376,0.49292237442922376,0.49292237442922376,0.49292237442922376,0.49292237442922376,0.49292237442922376,0.49292237442922376,0.49292237442922376,0.49292237442922376,SX,coal (conv pul CCS),Shanxi,CF
34,,0.5373287671232877,0.5373287671232877,0.5373287671232877,0.5373287671232877,0.5373287671232877,0.5373287671232877,0.5373287671232877,0.5373287671232877,0.5373287671232877,0.5373287671232877,0.5373287671232877,0.5373287671232877,0.5373287671232877,0.5373287671232877,0.5373287671232877,0.5373287671232877,0.5373287671232877,0.5373287671232877,0.5373287671232877,0.5373287671232877,0.5373287671232877,0.5373287671232877,SD,coal (conv pul CCS),Shandong,CF
35,,0.584931506849315,0.584931506849315,0.584931506849315,0.584931506849315,0.584931506849315,0.584931506849315,0.584931506849315,0.584931506849315,0.584931506849315,0.584931506849315,0.584931506849315,0.584931506849315,0.584931506849315,0.584931506849315,0.584931506849315,0.584931506849315,0.584931506849315,0.584931506849315,0.584931506849315,0.584931506849315,0.584931506849315,0.584931506849315,NM,coal (conv pul CCS),Inner Mongolia,CF
36,,0.479337899543379,0.479337899543379,0.479337899543379,0.479337899543379,0.479337899543379,0.479337899543379,0.479337899543379,0.479337899543379,0.479337899543379,0.479337899543379,0.479337899543379,0.479337899543379,0.479337899543379,0.479337899543379,0.479337899543379,0.479337899543379,0.479337899543379,0.479337899543379,0.479337899543379,0.479337899543379,0.479337899543379,0.479337899543379,LN,coal (conv pul CCS),Liaoning,CF
37,,0.4098173515981735,0.4098173515981735,0.4098173515981735,0.4098173515981735,0.4098173515981735,0.4098173515981735,0.4098173515981735,0.4098173515981735,0.4098173515981735,0.4098173515981735,0.4098173515981735,0.4098173515981735,0.4098173515981735,0.4098173515981735,0.4098173515981735,0.4098173515981735,0.4098173515981735,0.4098173515981735,0.4098173515981735,0.4098173515981735,0.4098173515981735,0.4098173515981735,JL,coal (conv pul CCS),Jilin,CF
38,,0.44360730593607306,0.44360730593607306,0.44360730593607306,0.44360730593607306,0.44360730593607306,0.44360730593607306,0.44360730593607306,0.44360730593607306,0.44360730593607306,0.44360730593607306,0.44360730593607306,0.44360730593607306,0.44360730593607306,0.44360730593607306,0.44360730593607306,0.44360730593607306,0.44360730593607306,0.44360730593607306,0.44360730593607306,0.44360730593607306,0.44360730593607306,0.44360730593607306,HL,coal (conv pul CCS),Heilongjiang,CF
39,,0.5054794520547945,0.5054794520547945,0.5054794520547945,0.5054794520547945,0.5054794520547945,0.5054794520547945,0.5054794520547945,0.5054794520547945,0.5054794520547945,0.5054794520547945,0.5054794520547945,0.5054794520547945,0.5054794520547945,0.5054794520547945,0.5054794520547945,0.5054794520547945,0.5054794520547945,0.5054794520547945,0.5054794520547945,0.5054794520547945,0.5054794520547945,0.5054794520547945,SN,coal (conv pul CCS),Shaanxi,CF
40,,0.4769406392694064,0.4769406392694064,0.4769406392694064,0.4769406392694064,0.4769406392694064,0.4769406392694064,0.4769406392694064,0.4769406392694064,0.4769406392694064,0.4769406392694064,0.4769406392694064,0.4769406392694064,0.4769406392694064,0.4769406392694064,0.4769406392694064,0.4769406392694064,0.4769406392694064,0.4769406392694064,0.4769406392694064,0.4769406392694064,0.4769406392694064,0.4769406392694064,GS,coal (conv pul CCS),Gansu,CF
41,,0.555365296803653,0.555365296803653,0.555365296803653,0.555365296803653,0.555365296803653,0.555365296803653,0.555365296803653,0.555365296803653,0.555365296803653,0.555365296803653,0.555365296803653,0.555365296803653,0.555365296803653,0.555365296803653,0.555365296803653,0.555365296803653,0.555365296803653,0.555365296803653,0.555365296803653,0.555365296803653,0.555365296803653,0.555365296803653,NX,coal (conv pul CCS),Ningxia,CF
42,,0.24634703196347033,0.24634703196347033,0.24634703196347033,0.24634703196347033,0.24634703196347033,0.24634703196347033,0.24634703196347033,0.24634703196347033,0.24634703196347033,0.24634703196347033,0.24634703196347033,0.24634703196347033,0.24634703196347033,0.24634703196347033,0.24634703196347033,0.24634703196347033,0.24634703196347033,0.24634703196347033,0.24634703196347033,0.24634703196347033,0.24634703196347033,0.24634703196347033,QH,coal (conv pul CCS),Qinghai,CF
43,,0.5295662100456621,0.5295662100456621,0.5295662100456621,0.5295662100456621,0.5295662100456621,0.5295662100456621,0.5295662100456621,0.5295662100456621,0.5295662100456621,0.5295662100456621,0.5295662100456621,0.5295662100456621,0.5295662100456621,0.5295662100456621,0.5295662100456621,0.5295662100456621,0.5295662100456621,0.5295662100456621,0.5295662100456621,0.5295662100456621,0.5295662100456621,0.5295662100456621,XJ,coal (conv pul CCS),Xinjiang,CF
44,,0.40764840182648404,0.40764840182648404,0.40764840182648404,0.40764840182648404,0.40764840182648404,0.40764840182648404,0.40764840182648404,0.40764840182648404,0.40764840182648404,0.40764840182648404,0.40764840182648404,0.40764840182648404,0.40764840182648404,0.40764840182648404,0.40764840182648404,0.40764840182648404,0.40764840182648404,0.40764840182648404,0.40764840182648404,0.40764840182648404,0.40764840182648404,0.40764840182648404,SH,coal (conv pul CCS),Shanghai,CF
45,,0.4795662100456621,0.4795662100456621,0.4795662100456621,0.4795662100456621,0.4795662100456621,0.4795662100456621,0.4795662100456621,0.4795662100456621,0.4795662100456621,0.4795662100456621,0.4795662100456621,0.4795662100456621,0.4795662100456621,0.4795662100456621,0.4795662100456621,0.4795662100456621,0.4795662100456621,0.4795662100456621,0.4795662100456621,0.4795662100456621,0.4795662100456621,0.4795662100456621,ZJ,coal (conv pul CCS),Zhejiang,CF
46,,0.5223744292237443,0.5223744292237443,0.5223744292237443,0.5223744292237443,0.5223744292237443,0.5223744292237443,0.5223744292237443,0.5223744292237443,0.5223744292237443,0.5223744292237443,0.5223744292237443,0.5223744292237443,0.5223744292237443,0.5223744292237443,0.5223744292237443,0.5223744292237443,0.5223744292237443,0.5223744292237443,0.5223744292237443,0.5223744292237443,0.5223744292237443,0.5223744292237443,JS,coal (conv pul CCS),Jiangsu,CF
47,,0.5713470319634704,0.5713470319634704,0.5713470319634704,0.5713470319634704,0.5713470319634704,0.5713470319634704,0.5713470319634704,0.5713470319634704,0.5713470319634704,0.5713470319634704,0.5713470319634704,0.5713470319634704,0.5713470319634704,0.5713470319634704,0.5713470319634704,0.5713470319634704,0.5713470319634704,0.5713470319634704,0.5713470319634704,0.5713470319634704,0.5713470319634704,0.5713470319634704,AH,coal (conv pul CCS),Anhui,CF
48,,0.5144977168949771,0.5144977168949771,0.5144977168949771,0.5144977168949771,0.5144977168949771,0.5144977168949771,0.5144977168949771,0.5144977168949771,0.5144977168949771,0.5144977168949771,0.5144977168949771,0.5144977168949771,0.5144977168949771,0.5144977168949771,0.5144977168949771,0.5144977168949771,0.5144977168949771,0.5144977168949771,0.5144977168949771,0.5144977168949771,0.5144977168949771,0.5144977168949771,FJ,coal (conv pul CCS),Fujian,CF
49,,0.5167808219178082,0.5167808219178082,0.5167808219178082,0.5167808219178082,0.5167808219178082,0.5167808219178082,0.5167808219178082,0.5167808219178082,0.5167808219178082,0.5167808219178082,0.5167808219178082,0.5167808219178082,0.5167808219178082,0.5167808219178082,0.5167808219178082,0.5167808219178082,0.5167808219178082,0.5167808219178082,0.5167808219178082,0.5167808219178082,0.5167808219178082,0.5167808219178082,HB,coal (conv pul CCS),Hubei,CF
50,,0.4444063926940639,0.4444063926940639,0.4444063926940639,0.4444063926940639,0.4444063926940639,0.4444063926940639,0.4444063926940639,0.4444063926940639,0.4444063926940639,0.4444063926940639,0.4444063926940639,0.4444063926940639,0.4444063926940639,0.4444063926940639,0.4444063926940639,0.4444063926940639,0.4444063926940639,0.4444063926940639,0.4444063926940639,0.4444063926940639,0.4444063926940639,0.4444063926940639,HA,coal (conv pul CCS),Henan,CF
51,,0.4632420091324201,0.4632420091324201,0.4632420091324201,0.4632420091324201,0.4632420091324201,0.4632420091324201,0.4632420091324201,0.4632420091324201,0.4632420091324201,0.4632420091324201,0.4632420091324201,0.4632420091324201,0.4632420091324201,0.4632420091324201,0.4632420091324201,0.4632420091324201,0.4632420091324201,0.4632420091324201,0.4632420091324201,0.4632420091324201,0.4632420091324201,0.4632420091324201,HN,coal (conv pul CCS),Hunan,CF
52,,0.6014840182648402,0.6014840182648402,0.6014840182648402,0.6014840182648402,0.6014840182648402,0.6014840182648402,0.6014840182648402,0.6014840182648402,0.6014840182648402,0.6014840182648402,0.6014840182648402,0.6014840182648402,0.6014840182648402,0.6014840182648402,0.6014840182648402,0.6014840182648402,0.6014840182648402,0.6014840182648402,0.6014840182648402,0.6014840182648402,0.6014840182648402,0.6014840182648402,JX,coal (conv pul CCS),Jiangxi,CF
53,,0.309703196347032,0.309703196347032,0.309703196347032,0.309703196347032,0.309703196347032,0.309703196347032,0.309703196347032,0.309703196347032,0.309703196347032,0.309703196347032,0.309703196347032,0.309703196347032,0.309703196347032,0.309703196347032,0.309703196347032,0.309703196347032,0.309703196347032,0.309703196347032,0.309703196347032,0.309703196347032,0.309703196347032,0.309703196347032,SC,coal (conv pul CCS),Sichuan,CF
54,,0.4006849315068493,0.4006849315068493,0.4006849315068493,0.4006849315068493,0.4006849315068493,0.4006849315068493,0.4006849315068493,0.4006849315068493,0.4006849315068493,0.4006849315068493,0.4006849315068493,0.4006849315068493,0.4006849315068493,0.4006849315068493,0.4006849315068493,0.4006849315068493,0.4006849315068493,0.4006849315068493,0.4006849315068493,0.4006849315068493,0.4006849315068493,0.4006849315068493,CQ,coal (conv pul CCS),Chongqing,CF
55,,0.46757990867579907,0.46757990867579907,0.46757990867579907,0.46757990867579907,0.46757990867579907,0.46757990867579907,0.46757990867579907,0.46757990867579907,0.46757990867579907,0.46757990867579907,0.46757990867579907,0.46757990867579907,0.46757990867579907,0.46757990867579907,0.46757990867579907,0.46757990867579907,0.46757990867579907,0.46757990867579907,0.46757990867579907,0.46757990867579907,0.46757990867579907,0.46757990867579907,GD,coal (conv pul CCS),Guangdong,CF
56,,0.3995433789954338,0.3995433789954338,0.3995433789954338,0.3995433789954338,0.3995433789954338,0.3995433789954338,0.3995433789954338,0.3995433789954338,0.3995433789954338,0.3995433789954338,0.3995433789954338,0.3995433789954338,0.3995433789954338,0.3995433789954338,0.3995433789954338,0.3995433789954338,0.3995433789954338,0.3995433789954338,0.3995433789954338,0.3995433789954338,0.3995433789954338,0.3995433789954338,GX,coal (conv pul CCS),Guangxi,CF
57,,0.21118721461187215,0.21118721461187215,0.21118721461187215,0.21118721461187215,0.21118721461187215,0.21118721461187215,0.21118721461187215,0.21118721461187215,0.21118721461187215,0.21118721461187215,0.21118721461187215,0.21118721461187215,0.21118721461187215,0.21118721461187215,0.21118721461187215,0.21118721461187215,0.21118721461187215,0.21118721461187215,0.21118721461187215,0.21118721461187215,0.21118721461187215,0.21118721461187215,YN,coal (conv pul CCS),Yunnan,CF
58,,0.4495433789954338,0.4495433789954338,0.4495433789954338,0.4495433789954338,0.4495433789954338,0.4495433789954338,0.4495433789954338,0.4495433789954338,0.4495433789954338,0.4495433789954338,0.4495433789954338,0.4495433789954338,0.4495433789954338,0.4495433789954338,0.4495433789954338,0.4495433789954338,0.4495433789954338,0.4495433789954338,0.4495433789954338,0.4495433789954338,0.4495433789954338,0.4495433789954338,GZ,coal (conv pul CCS),Guizhou,CF
59,,0.5192922374429224,0.5192922374429224,0.5192922374429224,0.5192922374429224,0.5192922374429224,0.5192922374429224,0.5192922374429224,0.5192922374429224,0.5192922374429224,0.5192922374429224,0.5192922374429224,0.5192922374429224,0.5192922374429224,0.5192922374429224,0.5192922374429224,0.5192922374429224,0.5192922374429224,0.5192922374429224,0.5192922374429224,0.5192922374429224,0.5192922374429224,0.5192922374429224,HI,coal (conv pul CCS),Hainan,CF
0,,,,,,,0.205614168323151,0.2219898069414003,0.2383654455596496,0.2547410841778989,0.27111672279614824,0.28749236141439755,0.30386800003264686,0.32024363865089617,0.3366192772691455,,,,,,,,,AH,wind,Anhui,CF
1,,,,,,,0.206409801057457,0.2228488059030247,0.23928781074859237,0.25572681559416005,0.27216582043972776,0.28860482528529546,0.3050438301308631,0.3214828349764308,0.3379218398219985,,,,,,,,,BJ,wind,Beijing,CF
2,,,,,,,0.22686892211026397,0.2449373437199587,0.2630057653296535,0.2810741869393482,0.29914260854904295,0.3172110301587377,0.33527945176843243,0.3533478733781272,0.3714162949878219,,,,,,,,,CQ,wind,Chongqing,CF
3,,,,,,,0.299953450226835,0.3238425107097289,0.3477315711926228,0.37162063167551673,0.3955096921584106,0.41939875264130455,0.4432878131241984,0.4671768736070923,0.4910659340899862,,,,,,,,,FJ,wind,Fujian,CF
4,,,,,,,0.203113609581202,0.2192900973012627,0.2354665850213234,0.2516430727413841,0.2678195604614448,0.2839960481815055,0.3001725359015662,0.31634902362162687,0.33252551134168756,,,,,,,,,GS,wind,Gansu,CF
5,,,,,,,0.183222797197608,0.19781512971049828,0.21240746222338855,0.22699979473627885,0.24159212724916912,0.2561844597620594,0.27077679227494966,0.28536912478783993,0.2999614573007302,,,,,,,,,GD,wind,Guangdong,CF
6,,,,,,,0.27108335668781197,0.29267312903056625,0.31426290137332047,0.33585267371607475,0.357442446058829,0.3790322184015833,0.4006219907443376,0.4222117630870918,0.4438015354298461,,,,,,,,,GX,wind,Guangxi,CF
7,,,,,,,0.21152458107173897,0.2283709400885138,0.24521729910528867,0.2620636581220635,0.27891001713883834,0.29575637615561323,0.312602735172388,0.3294490941891629,0.34629545320593774,,,,,,,,,GZ,wind,Guizhou,CF
8,,,,,,,0.18697363580837,0.20186469470819235,0.2167557536080147,0.23164681250783703,0.24653787140765937,0.2614289303074817,0.27631998920730405,0.2912110481071264,0.30610210700694873,,,,,,,,,HI,wind,Hainan,CF
9,,,,,,,0.24369086608701698,0.26309903036943844,0.2825071946518599,0.3019153589342814,0.3213235232167029,0.3407316874991243,0.36013985178154584,0.37954801606396726,0.39895618034638874,,,,,,,,,HE,wind,Hebei,CF
10,,,,,,,0.26403632560511703,0.2850648543561339,0.3060933831071508,0.32712191185816764,0.34815044060918454,0.3691789693602014,0.39020749811121824,0.41123602686223515,0.432264555613252,,,,,,,,,HL,wind,Heilongjiang,CF
11,,,,,,,0.168219441758883,0.1816168686447468,0.1950142955306106,0.20841172241647438,0.2218091493023382,0.23520657618820195,0.24860400307406577,0.2620014299599296,0.27539885684579335,,,,,,,,,HA,wind,Henan,CF
12,,,,,,,0.222777097899703,0.24051963615657238,0.25826217441344174,0.2760047126703111,0.29374725092718046,0.31148978918404985,0.32923232744091924,0.34697486569778857,0.36471740395465796,,,,,,,,,HB,wind,Hubei,CF
13,,,,,,,0.222777097899703,0.24051963615657238,0.25826217441344174,0.2760047126703111,0.29374725092718046,0.31148978918404985,0.32923232744091924,0.34697486569778857,0.36471740395465796,,,,,,,,,HN,wind,Hunan,CF
14,,,,,,,0.261990413997675,0.28285600111192827,0.3037215882261816,0.3245871753404349,0.34545276245468826,0.36631834956894155,0.38718393668319484,0.4080495237974482,0.4289151109117015,,,,,,,,,NM,wind,Inner Mongolia,CF
15,,,,,,,0.224254701833608,0.24211492024958245,0.25997513866555694,0.2778353570815314,0.29569557549750586,0.3135557939134803,0.3314160123294548,0.34927623074542924,0.3671364491614037,,,,,,,,,JS,wind,Jiangsu,CF
16,,,,,,,0.23050609918631895,0.2488641948874141,0.2672222905885092,0.28558038628960436,0.3039384819906995,0.32229657769179465,0.3406546733928898,0.3590127690939849,0.37737086479508003,,,,,,,,,JX,wind,Jiangxi,CF
17,,,,,,,0.251874515503818,0.27193444657118865,0.29199437763855934,0.31205430870593,0.3321142397733007,0.3521741708406713,0.37223410190804196,0.39229403297541265,0.4123539640427833,,,,,,,,,JL,wind,Jilin,CF
18,,,,,,,0.26142210532846105,0.2822424308857576,0.30306275644305425,0.3238830820003509,0.34470340755764745,0.365523733114944,0.38634405867224064,0.40716438422953727,0.42798470978683384,,,,,,,,,LN,wind,Liaoning,CF
19,,,,,,,0.205841492388243,0.222235235676854,0.23862897896546495,0.2550227222540759,0.2714164655426869,0.2878102088312979,0.3042039521199088,0.3205976954085198,0.3369914386971308,,,,,,,,,NX,wind,Ningxia,CF
20,,,,,,,0.198112491101627,0.2138906769460122,0.2296688627903974,0.24544704863478256,0.2612252344791678,0.27700342032355296,0.29278160616793814,0.3085597920123233,0.32433797785670854,,,,,,,,,QH,wind,Qinghai,CF
21,,,,,,,0.219480906423448,0.23696092755481038,0.25444094868617273,0.2719209698175351,0.2894009909488975,0.30688101208025986,0.32436103321162224,0.34184105434298456,0.35932107547434694,,,,,,,,,SN,wind,Shaanxi,CF
22,,,,,,,0.211751905136832,0.2286163688239686,0.2454808325111052,0.26234529619824176,0.2792097598853784,0.296074223572515,0.31293868725965157,0.32980315094678814,0.34666761463392476,,,,,,,,,SD,wind,Shandong,CF
23,,,,,,,0.23471158592726502,0.25340461735601555,0.27209764878476606,0.2907906802135166,0.3094837116422671,0.32817674307101763,0.3468697744997682,0.36556280592851864,0.3842558373572692,,,,,,,,,SH,wind,Shanghai,CF
24,,,,,,,0.21800330348522,0.23536564453677555,0.2527279855883311,0.2700903266398866,0.2874526676914421,0.30481500874299766,0.32217734979455315,0.3395396908461087,0.35690203189766423,,,,,,,,,SX,wind,Shanxi,CF
25,,,,,,,0.290178536337099,0.31328909765970525,0.33639965898231144,0.35951022030491764,0.3826207816275239,0.40573134295013014,0.42884190427273633,0.4519524655953425,0.47506302691794877,,,,,,,,,SC,wind,Sichuan,CF
26,,,,,,,0.223345406568917,0.24113320638274308,0.25892100619656916,0.27670880601039527,0.2944966058242213,0.3122844056380474,0.3300722054518735,0.3478600052656996,0.36564780507952566,,,,,,,,,TJ,wind,Tianjin,CF
27,,,,,,,0.24698705855895,0.2666577400461768,0.28632842153340365,0.3059991030206305,0.3256697845078573,0.3453404659950841,0.3650111474823109,0.38468182896953773,0.40435251045676457,,,,,,,,,XZ,wind,Tibet,CF
28,,,,,,,0.244031851686817,0.2634671729351319,0.28290249418344676,0.30233781543176164,0.3217731366800765,0.3412084579283914,0.36064377917670626,0.38007910042502113,0.399514421673336,,,,,,,,,XJ,wind,Xinjiang,CF
29,,,,,,,0.31916229141082897,0.3445811931691065,0.370000094927384,0.3954189966856615,0.42083789844393904,0.4462568002022166,0.4716757019604941,0.49709460371877157,0.5225135054770491,,,,,,,,,YN,wind,Yunnan,CF
30,,,,,,,0.23755313026901398,0.25647246956184655,0.27539180885467907,0.2943111481475116,0.31323048744034415,0.3321498267331767,0.35106916602600924,0.36998850531884175,0.3889078446116743,,,,,,,,,ZJ,wind,Zhejiang,CF
