# Capital costs of intermittent lectricity load segments generation technologies,,,,,,
supplysector,subsector,intermittent.technology,year,input.capital,capital.overnight,fixed.charge.rate
elect_td_bld,rooftop_pv,rooftop_pv,1975,capital,1083,0.1
elect_td_bld,rooftop_pv,rooftop_pv,1990,capital,1083,0.1
elect_td_bld,rooftop_pv,rooftop_pv,2005,capital,1083,0.1
elect_td_bld,rooftop_pv,rooftop_pv,2010,capital,1083,0.1
elect_td_bld,rooftop_pv,rooftop_pv,2015,capital,1083,0.1
elect_td_bld,rooftop_pv,rooftop_pv,2020,capital,125.1477122,0.1
elect_td_bld,rooftop_pv,rooftop_pv,2025,capital,100.9887625,0.1
elect_td_bld,rooftop_pv,rooftop_pv,2030,capital,86.62398163,0.1
elect_td_bld,rooftop_pv,rooftop_pv,2035,capital,78.13570203,0.1
elect_td_bld,rooftop_pv,rooftop_pv,2040,capital,73.12979354,0.1
elect_td_bld,rooftop_pv,rooftop_pv,2045,capital,70.300367,0.1
elect_td_bld,rooftop_pv,rooftop_pv,2050,capital,68.55918144,0.1
elect_td_bld,rooftop_pv,rooftop_pv,2055,capital,67.47094047,0.1
elect_td_bld,rooftop_pv,rooftop_pv,2060,capital,66.81799588,0.1
elect_td_bld,rooftop_pv,rooftop_pv,2065,capital,66.81799588,0.1
elect_td_bld,rooftop_pv,rooftop_pv,2070,capital,66.60034769,0.1
elect_td_bld,rooftop_pv,rooftop_pv,2075,capital,66.38269949,0.1
elect_td_bld,rooftop_pv,rooftop_pv,2080,capital,66.1650513,0.1
elect_td_bld,rooftop_pv,rooftop_pv,2085,capital,66.1650513,0.1
elect_td_bld,rooftop_pv,rooftop_pv,2090,capital,65.9474031,0.1
elect_td_bld,rooftop_pv,rooftop_pv,2095,capital,65.9474031,0.1
elect_td_bld,rooftop_pv,rooftop_pv,2100,capital,65.9474031,0.1
intermediate generation,solar,PV_int,1975,capital,667,0.13
intermediate generation,solar,PV_int,1990,capital,667,0.13
intermediate generation,solar,PV_int,2005,capital,667,0.13
intermediate generation,solar,PV_int,2010,capital,667,0.13
intermediate generation,solar,PV_int,2015,capital,667,0.13
intermediate generation,solar,PV_int,2020,capital,127.5022285,0.13
intermediate generation,solar,PV_int,2025,capital,104.5726724,0.13
intermediate generation,solar,PV_int,2030,capital,91.37080681,0.13
intermediate generation,solar,PV_int,2035,capital,83.38020393,0.13
intermediate generation,solar,PV_int,2040,capital,78.5163587,0.13
intermediate generation,solar,PV_int,2045,capital,75.73701857,0.13
intermediate generation,solar,PV_int,2050,capital,73.99993099,0.13
intermediate generation,solar,PV_int,2055,capital,73.30509596,0.13
intermediate generation,solar,PV_int,2060,capital,72.61026092,0.13
intermediate generation,solar,PV_int,2065,capital,72.61026092,0.13
intermediate generation,solar,PV_int,2070,capital,72.26284341,0.13
intermediate generation,solar,PV_int,2075,capital,71.91542589,0.13
intermediate generation,solar,PV_int,2080,capital,71.91542589,0.13
intermediate generation,solar,PV_int,2085,capital,71.91542589,0.13
intermediate generation,solar,PV_int,2090,capital,71.91542589,0.13
intermediate generation,solar,PV_int,2095,capital,71.91542589,0.13
intermediate generation,solar,PV_int,2100,capital,71.91542589,0.13
intermediate generation,solar,CSP_int,1975,capital,1362,0.13
intermediate generation,solar,CSP_int,1990,capital,1362,0.13
intermediate generation,solar,CSP_int,2005,capital,1362,0.13
intermediate generation,solar,CSP_int,2010,capital,1362,0.13
intermediate generation,solar,CSP_int,2015,capital,1362,0.13
intermediate generation,solar,CSP_int,2020,capital,813.8881172,0.13
intermediate generation,solar,CSP_int,2025,capital,696.0274663,0.13
intermediate generation,solar,CSP_int,2030,capital,618.0723901,0.13
intermediate generation,solar,CSP_int,2035,capital,567.0303759,0.13
intermediate generation,solar,CSP_int,2040,capital,532.6930209,0.13
intermediate generation,solar,CSP_int,2045,capital,510.4201419,0.13
intermediate generation,solar,CSP_int,2050,capital,496.4995926,0.13
intermediate generation,solar,CSP_int,2055,capital,486.2911898,0.13
intermediate generation,solar,CSP_int,2060,capital,479.7949334,0.13
intermediate generation,solar,CSP_int,2065,capital,479.7949334,0.13
intermediate generation,solar,CSP_int,2070,capital,476.0827869,0.13
intermediate generation,solar,CSP_int,2075,capital,473.2986771,0.13
intermediate generation,solar,CSP_int,2080,capital,471.4426038,0.13
intermediate generation,solar,CSP_int,2085,capital,470.5145672,0.13
intermediate generation,solar,CSP_int,2090,capital,469.5865306,0.13
intermediate generation,solar,CSP_int,2095,capital,468.658494,0.13
intermediate generation,solar,CSP_int,2100,capital,468.658494,0.13
subpeak generation,solar,PV_subpeak,1975,capital,667,0.13
subpeak generation,solar,PV_subpeak,1990,capital,667,0.13
subpeak generation,solar,PV_subpeak,2005,capital,667,0.13
subpeak generation,solar,PV_subpeak,2010,capital,667,0.13
subpeak generation,solar,PV_subpeak,2015,capital,667,0.13
subpeak generation,solar,PV_subpeak,2020,capital,127.5022285,0.13
subpeak generation,solar,PV_subpeak,2025,capital,104.5726724,0.13
subpeak generation,solar,PV_subpeak,2030,capital,91.37080681,0.13
subpeak generation,solar,PV_subpeak,2035,capital,83.38020393,0.13
subpeak generation,solar,PV_subpeak,2040,capital,78.5163587,0.13
subpeak generation,solar,PV_subpeak,2045,capital,75.73701857,0.13
subpeak generation,solar,PV_subpeak,2050,capital,73.99993099,0.13
subpeak generation,solar,PV_subpeak,2055,capital,73.30509596,0.13
subpeak generation,solar,PV_subpeak,2060,capital,72.61026092,0.13
subpeak generation,solar,PV_subpeak,2065,capital,72.61026092,0.13
subpeak generation,solar,PV_subpeak,2070,capital,72.26284341,0.13
subpeak generation,solar,PV_subpeak,2075,capital,71.91542589,0.13
subpeak generation,solar,PV_subpeak,2080,capital,71.91542589,0.13
subpeak generation,solar,PV_subpeak,2085,capital,71.91542589,0.13
subpeak generation,solar,PV_subpeak,2090,capital,71.91542589,0.13
subpeak generation,solar,PV_subpeak,2095,capital,71.91542589,0.13
subpeak generation,solar,PV_subpeak,2100,capital,71.91542589,0.13
subpeak generation,solar,CSP_subpeak,1975,capital,1362,0.13
subpeak generation,solar,CSP_subpeak,1990,capital,1362,0.13
subpeak generation,solar,CSP_subpeak,2005,capital,1362,0.13
subpeak generation,solar,CSP_subpeak,2010,capital,1362,0.13
subpeak generation,solar,CSP_subpeak,2015,capital,1362,0.13
subpeak generation,solar,CSP_subpeak,2020,capital,813.8881172,0.13
subpeak generation,solar,CSP_subpeak,2025,capital,696.0274663,0.13
subpeak generation,solar,CSP_subpeak,2030,capital,618.0723901,0.13
subpeak generation,solar,CSP_subpeak,2035,capital,567.0303759,0.13
subpeak generation,solar,CSP_subpeak,2040,capital,532.6930209,0.13
subpeak generation,solar,CSP_subpeak,2045,capital,510.4201419,0.13
subpeak generation,solar,CSP_subpeak,2050,capital,496.4995926,0.13
subpeak generation,solar,CSP_subpeak,2055,capital,486.2911898,0.13
subpeak generation,solar,CSP_subpeak,2060,capital,486.2911898,0.13
subpeak generation,solar,CSP_subpeak,2065,capital,479.7949334,0.13
subpeak generation,solar,CSP_subpeak,2070,capital,476.0827869,0.13
subpeak generation,solar,CSP_subpeak,2075,capital,473.2986771,0.13
subpeak generation,solar,CSP_subpeak,2080,capital,471.4426038,0.13
subpeak generation,solar,CSP_subpeak,2085,capital,470.5145672,0.13
subpeak generation,solar,CSP_subpeak,2090,capital,469.5865306,0.13
subpeak generation,solar,CSP_subpeak,2095,capital,468.658494,0.13
subpeak generation,solar,CSP_subpeak,2100,capital,468.658494,0.13
peak generation,solar,PV_peak,1975,capital,667,0.13
peak generation,solar,PV_peak,1990,capital,667,0.13
peak generation,solar,PV_peak,2005,capital,667,0.13
peak generation,solar,PV_peak,2010,capital,667,0.13
peak generation,solar,PV_peak,2015,capital,667,0.13
peak generation,solar,PV_peak,2020,capital,127.5022285,0.13
peak generation,solar,PV_peak,2025,capital,104.5726724,0.13
peak generation,solar,PV_peak,2030,capital,91.37080681,0.13
peak generation,solar,PV_peak,2035,capital,83.38020393,0.13
peak generation,solar,PV_peak,2040,capital,78.5163587,0.13
peak generation,solar,PV_peak,2045,capital,75.73701857,0.13
peak generation,solar,PV_peak,2050,capital,73.99993099,0.13
peak generation,solar,PV_peak,2055,capital,73.30509596,0.13
peak generation,solar,PV_peak,2060,capital,72.61026092,0.13
peak generation,solar,PV_peak,2065,capital,72.61026092,0.13
peak generation,solar,PV_peak,2070,capital,72.26284341,0.13
peak generation,solar,PV_peak,2075,capital,71.91542589,0.13
peak generation,solar,PV_peak,2080,capital,71.91542589,0.13
peak generation,solar,PV_peak,2085,capital,71.91542589,0.13
peak generation,solar,PV_peak,2090,capital,71.91542589,0.13
peak generation,solar,PV_peak,2095,capital,71.91542589,0.13
peak generation,solar,PV_peak,2100,capital,71.91542589,0.13
peak generation,solar,CSP_peak,1975,capital,1362,0.13
peak generation,solar,CSP_peak,1990,capital,1362,0.13
peak generation,solar,CSP_peak,2005,capital,1362,0.13
peak generation,solar,CSP_peak,2010,capital,1362,0.13
peak generation,solar,CSP_peak,2015,capital,1362,0.13
peak generation,solar,CSP_peak,2020,capital,813.8881172,0.13
peak generation,solar,CSP_peak,2025,capital,696.0274663,0.13
peak generation,solar,CSP_peak,2030,capital,618.0723901,0.13
peak generation,solar,CSP_peak,2035,capital,567.0303759,0.13
peak generation,solar,CSP_peak,2040,capital,532.6930209,0.13
peak generation,solar,CSP_peak,2045,capital,510.4201419,0.13
peak generation,solar,CSP_peak,2050,capital,496.4995926,0.13
peak generation,solar,CSP_peak,2055,capital,486.2911898,0.13
peak generation,solar,CSP_peak,2060,capital,479.7949334,0.13
peak generation,solar,CSP_peak,2065,capital,479.7949334,0.13
peak generation,solar,CSP_peak,2070,capital,476.0827869,0.13
peak generation,solar,CSP_peak,2075,capital,473.2986771,0.13
peak generation,solar,CSP_peak,2080,capital,471.4426038,0.13
peak generation,solar,CSP_peak,2085,capital,470.5145672,0.13
peak generation,solar,CSP_peak,2090,capital,469.5865306,0.13
peak generation,solar,CSP_peak,2095,capital,468.658494,0.13
peak generation,solar,CSP_peak,2100,capital,468.658494,0.13
base load generation,wind,wind_base,1975,capital,451,0.13
base load generation,wind,wind_base,1990,capital,451,0.13
base load generation,wind,wind_base,2005,capital,451,0.13
base load generation,wind,wind_base,2010,capital,451,0.13
base load generation,wind,wind_base,2015,capital,451,0.13
base load generation,wind,wind_base,2020,capital,250.7712049,0.13
base load generation,wind,wind_base,2025,capital,233.1969426,0.13
base load generation,wind,wind_base,2030,capital,219.0023461,0.13
base load generation,wind,wind_base,2035,capital,208.1874154,0.13
base load generation,wind,wind_base,2040,capital,199.4002842,0.13
base load generation,wind,wind_base,2045,capital,193.3168857,0.13
base load generation,wind,wind_base,2050,capital,187.9094204,0.13
base load generation,wind,wind_base,2055,capital,183.8538214,0.13
base load generation,wind,wind_base,2060,capital,181.1500887,0.13
base load generation,wind,wind_base,2065,capital,181.1500887,0.13
base load generation,wind,wind_base,2070,capital,178.446356,0.13
base load generation,wind,wind_base,2075,capital,177.0944897,0.13
base load generation,wind,wind_base,2080,capital,175.7426234,0.13
base load generation,wind,wind_base,2085,capital,174.390757,0.13
base load generation,wind,wind_base,2090,capital,173.7148239,0.13
base load generation,wind,wind_base,2095,capital,173.0388907,0.13
base load generation,wind,wind_base,2100,capital,172.3629575,0.13
base load generation,wind,wind_base_offshore,1975,capital,1118,0.13
base load generation,wind,wind_base_offshore,1990,capital,1118,0.13
base load generation,wind,wind_base_offshore,2005,capital,1118,0.13
base load generation,wind,wind_base_offshore,2010,capital,1118,0.13
base load generation,wind,wind_base_offshore,2015,capital,1118,0.13
base load generation,wind,wind_base_offshore,2020,capital,554.8797053,0.13
base load generation,wind,wind_base_offshore,2025,capital,487.2938703,0.13
base load generation,wind,wind_base_offshore,2030,capital,435.2527774,0.13
base load generation,wind,wind_base_offshore,2035,capital,394.7012764,0.13
base load generation,wind,wind_base_offshore,2040,capital,363.6117923,0.13
base load generation,wind,wind_base_offshore,2045,capital,339.2808917,0.13
base load generation,wind,wind_base_offshore,2050,capital,320.3568579,0.13
base load generation,wind,wind_base_offshore,2055,capital,306.1638325,0.13
base load generation,wind,wind_base_offshore,2060,capital,294.6742406,0.13
base load generation,wind,wind_base_offshore,2065,capital,294.6742406,0.13
base load generation,wind,wind_base_offshore,2070,capital,285.888082,0.13
base load generation,wind,wind_base_offshore,2075,capital,279.1294985,0.13
base load generation,wind,wind_base_offshore,2080,capital,274.3984901,0.13
base load generation,wind,wind_base_offshore,2085,capital,270.34334,0.13
base load generation,wind,wind_base_offshore,2090,capital,266.9640482,0.13
base load generation,wind,wind_base_offshore,2095,capital,264.2606148,0.13
base load generation,wind,wind_base_offshore,2100,capital,262.9088981,0.13
intermediate generation,wind,wind_int,1975,capital,451,0.13
intermediate generation,wind,wind_int,1990,capital,451,0.13
intermediate generation,wind,wind_int,2005,capital,451,0.13
intermediate generation,wind,wind_int,2010,capital,451,0.13
intermediate generation,wind,wind_int,2015,capital,451,0.13
intermediate generation,wind,wind_int,2020,capital,250.7712049,0.13
intermediate generation,wind,wind_int,2025,capital,233.1969426,0.13
intermediate generation,wind,wind_int,2030,capital,219.0023461,0.13
intermediate generation,wind,wind_int,2035,capital,208.1874154,0.13
intermediate generation,wind,wind_int,2040,capital,199.4002842,0.13
intermediate generation,wind,wind_int,2045,capital,193.3168857,0.13
intermediate generation,wind,wind_int,2050,capital,187.9094204,0.13
intermediate generation,wind,wind_int,2055,capital,183.8538214,0.13
intermediate generation,wind,wind_int,2060,capital,181.1500887,0.13
intermediate generation,wind,wind_int,2065,capital,181.1500887,0.13
intermediate generation,wind,wind_int,2070,capital,178.446356,0.13
intermediate generation,wind,wind_int,2075,capital,177.0944897,0.13
intermediate generation,wind,wind_int,2080,capital,175.7426234,0.13
intermediate generation,wind,wind_int,2085,capital,174.390757,0.13
intermediate generation,wind,wind_int,2090,capital,173.7148239,0.13
intermediate generation,wind,wind_int,2095,capital,173.0388907,0.13
intermediate generation,wind,wind_int,2100,capital,172.3629575,0.13
subpeak generation,wind,wind_subpeak,1975,capital,451,0.13
subpeak generation,wind,wind_subpeak,1990,capital,451,0.13
subpeak generation,wind,wind_subpeak,2005,capital,451,0.13
subpeak generation,wind,wind_subpeak,2010,capital,451,0.13
subpeak generation,wind,wind_subpeak,2015,capital,451,0.13
subpeak generation,wind,wind_subpeak,2020,capital,250.7712049,0.13
subpeak generation,wind,wind_subpeak,2025,capital,233.1969426,0.13
subpeak generation,wind,wind_subpeak,2030,capital,219.0023461,0.13
subpeak generation,wind,wind_subpeak,2035,capital,208.1874154,0.13
subpeak generation,wind,wind_subpeak,2040,capital,199.4002842,0.13
subpeak generation,wind,wind_subpeak,2045,capital,193.3168857,0.13
subpeak generation,wind,wind_subpeak,2050,capital,187.9094204,0.13
subpeak generation,wind,wind_subpeak,2055,capital,183.8538214,0.13
subpeak generation,wind,wind_subpeak,2060,capital,181.1500887,0.13
subpeak generation,wind,wind_subpeak,2065,capital,181.1500887,0.13
subpeak generation,wind,wind_subpeak,2070,capital,178.446356,0.13
subpeak generation,wind,wind_subpeak,2075,capital,177.0944897,0.13
subpeak generation,wind,wind_subpeak,2080,capital,175.7426234,0.13
subpeak generation,wind,wind_subpeak,2085,capital,174.390757,0.13
subpeak generation,wind,wind_subpeak,2090,capital,173.7148239,0.13
subpeak generation,wind,wind_subpeak,2095,capital,173.0388907,0.13
subpeak generation,wind,wind_subpeak,2100,capital,172.3629575,0.13
